url,url_mobile,title,seendate,socialimage,domain,language,sourcecountry,clean_title,source_name,sentiment_label,sentiment_score
https://www.investopedia.com/terms/f/forward-guidance.asp,,Understanding Forward Guidance in Monetary Policy,20260110T104500Z,https://www.investopedia.com/thmb/HLnt5KUHWmGoiKSGyoMH7q-d7rE=/1500x0/filters:no_upscale():max_bytes(150000):strip_icc()/shutterstock_253136563-5bfc2b98c9e77c00519aa7a8.jpg,investopedia.com,English,United States,understanding forward guidance in monetary policy,investopedia.com,neutral,0.8698102831840515
https://www.fxstreet.com/news/eur-usd-steadies-near-11650-ahead-of-us-nonfarm-payrolls-202601090124,https://www.fxstreet.com/amp/news/eur-usd-steadies-near-11650-ahead-of-us-nonfarm-payrolls-202601090124,EUR / USD steadies near 1 . 1650 ahead of US Nonfarm Payrolls,20260109T034500Z,https://editorial.fxsstatic.com/images/i/EURUSD-neutral-object_Medium.png,fxstreet.com,English,China,eur  usd steadies near 1  1650 ahead of us nonfarm payrolls,fxstreet.com,negative,0.6623175144195557
https://www.fxstreet.com/news/eur-usd-slips-to-11600-as-firm-us-data-dampens-fed-easing-hopes-202601162220,https://www.fxstreet.com/amp/news/eur-usd-slips-to-11600-as-firm-us-data-dampens-fed-easing-hopes-202601162220,EUR / USD slips to 1 . 1600 as firm US data dampens Fed easing hopes,20260119T010000Z,https://editorial.fxsstatic.com/images/i/EURUSD-neutral-line_Medium.png,fxstreet.com,English,China,eur  usd slips to 1  1600 as firm us data dampens fed easing hopes,fxstreet.com,negative,0.8822309374809265
https://www.fxstreet.com/news/eur-usd-edges-above-11750-due-to-ecb-fed-policy-divergence-202601020120,https://www.fxstreet.com/amp/news/eur-usd-edges-above-11750-due-to-ecb-fed-policy-divergence-202601020120,EUR / USD edges above 1 . 1750 due to ECB - Fed policy divergence,20260102T044500Z,https://editorial.fxsstatic.com/images/i/EURUSD-bullish-line_Medium.png,fxstreet.com,English,China,eur  usd edges above 1  1750 due to ecb  fed policy divergence,fxstreet.com,positive,0.617826521396637
https://www.lemonde.fr/en/opinion/article/2026/01/24/macron-should-not-target-the-european-central-bank_6749747_23.html,,Macron should not target the European Central Bank,20260124T020000Z,https://img.lemde.fr/2026/01/21/0/0/7762/5175/1440/960/60/0/0fe4aa7_ftp-1-i3l24hxdts9j-5944069-01-06.jpg,lemonde.fr,English,France,macron should not target the european central bank,lemonde.fr,neutral,0.926594078540802
https://prospect.org/2026/01/14/trump-persecution-jerome-powell-federal-reserve-central-bank/,,Trump Persecution of Jerome Powell Is Even Crazier Than It Looks,20260114T121500Z,https://i0.wp.com/prospect.org/wp-content/uploads/2026/01/Cooper-Trump-Powell-Fed-011426.jpg?fit=2000%2C1333&ssl=1,prospect.org,English,United States,trump persecution of jerome powell is even crazier than it looks,prospect.org,negative,0.6336197853088379
https://www.fxstreet.com/news/eur-usd-softens-below-11750-after-fed-minutes-202512302316,https://www.fxstreet.com/amp/news/eur-usd-softens-below-11750-after-fed-minutes-202512302316,Euro softens below 1 . 1750 after Fed Minutes,20251231T021500Z,https://editorial.fxsstatic.com/images/i/EUR-bearish-line_Medium.png,fxstreet.com,English,China,euro softens below 1  1750 after fed minutes,fxstreet.com,negative,0.5646165013313293
https://www.fxstreet.com/news/eur-usd-slips-below-11650-as-resilient-us-labor-data-backs-dollar-202601132337,https://www.fxstreet.com/amp/news/eur-usd-slips-below-11650-as-resilient-us-labor-data-backs-dollar-202601132337,EUR / USD slips below 1 . 1650 as resilient US labor data backs Dollar,20260114T020000Z,https://editorial.fxsstatic.com/images/i/EURUSD-bearish-line_Medium.png,fxstreet.com,English,China,eur  usd slips below 1  1650 as resilient us labor data backs dollar,fxstreet.com,negative,0.8559101223945618
https://www.fxstreet.com/news/eur-usd-holds-steady-above-11650-amid-fed-independence-concerns-202601130114,https://www.fxstreet.com/amp/news/eur-usd-holds-steady-above-11650-amid-fed-independence-concerns-202601130114,Euro holds steady above 1 . 1650 amid Fed independence concerns,20260113T023000Z,https://editorial.fxsstatic.com/images/i/EUR-neutral-line_Medium.png,fxstreet.com,English,China,euro holds steady above 1  1650 amid fed independence concerns,fxstreet.com,positive,0.4997793734073639
https://www.fxstreet.com/news/eur-usd-price-forecast-looks-to-build-on-momentum-beyond-11735-confluence-202601060315,https://www.fxstreet.com/amp/news/eur-usd-price-forecast-looks-to-build-on-momentum-beyond-11735-confluence-202601060315,EUR / USD Forecast : Looks to build on strength above 1 . 1735 hurdle,20260106T043000Z,https://editorial.fxsstatic.com/images/i/EURUSD-bullish-chart_Medium.png,fxstreet.com,English,China,eur  usd forecast  looks to build on strength above 1  1735 hurdle,fxstreet.com,positive,0.9510940909385681
https://www.breitbart.com/economy/2026/01/19/economists-turn-bullish-on-trump-economy/,https://www.breitbart.com/economy/2026/01/19/economists-turn-bullish-on-trump-economy/amp/,Economists Turn Bullish On Trump Economy,20260119T190000Z,https://media.breitbart.com/media/2026/01/GettyImages-2181602938-1-e1768841190898-638x335.jpg,breitbart.com,English,United States,economists turn bullish on trump economy,breitbart.com,negative,0.6819466352462769
https://www.fxstreet.com/news/eur-usd-price-forecast-bears-await-break-below-100-day-sma-support-near-11665-area-202601050509,https://www.fxstreet.com/amp/news/eur-usd-price-forecast-bears-await-break-below-100-day-sma-support-near-11665-area-202601050509,EUR / USD price forecast : Eyes 100 - day SMA support near 1 . 1665,20260105T054500Z,https://editorial.fxstreet.com/images/i/bearish-computer_Medium.png,fxstreet.com,English,China,eur  usd price forecast  eyes 100  day sma support near 1  1665,fxstreet.com,neutral,0.5012593269348145
https://www.cnbc.com/2026/01/14/trump-threat-war-fed-powell-financial-stability-economy-banks-attack-federal-reserve-risk.html,https://www.cnbc.com/amp/2026/01/14/trump-threat-war-fed-powell-financial-stability-economy-banks-attack-federal-reserve-risk.html,Trump war on Fed poses threat to financial stability : Trichet,20260114T143000Z,https://image.cnbcfm.com/api/v1/image/108200236-17581365432025-09-17t191227z_1013455012_rc2vtgah0h03_rtrmadp_0_usa-fed.jpeg?v=1758136641,cnbc.com,English,United States,trump war on fed poses threat to financial stability  trichet,cnbc.com,neutral,0.5736075043678284
https://www.fxstreet.com/news/eur-usd-slides-to-11650-as-strong-us-jobs-data-boosts-dollar-202601082157,https://www.fxstreet.com/amp/news/eur-usd-slides-to-11650-as-strong-us-jobs-data-boosts-dollar-202601082157,EUR / USD slides to 1 . 1650 as strong US jobs data boosts Dollar,20260108T233000Z,https://editorial.fxsstatic.com/images/i/EURUSD-bearish-line_Medium.png,fxstreet.com,English,China,eur  usd slides to 1  1650 as strong us jobs data boosts dollar,fxstreet.com,negative,0.8540902733802795
https://www.lastampa.it/economia/2026/01/16/news/ecb_lane_rates_fed_europe_crisis-15469775/,https://www.lastampa.it/economia/2026/01/16/news/ecb_lane_rates_fed_europe_crisis-15469775/amp/,"Lane :  Attacks on the Fed could trigger shocks , Europe urgently needs to accelerate growth  ",20260116T030000Z,https://www.gedistatic.it/content/gnn/img/lastampa/2026/01/15/205039125-83616bec-1b80-4d08-97aa-743ece18199a.jpg,lastampa.it,English,Italy,lane   attacks on the fed could trigger shocks  europe urgently needs to accelerate growth,lastampa.it,negative,0.8170506358146667
https://www.investopedia.com/articles/forex/06/centralbanks.asp,,Major Central Banks : Understanding Their Role and Influence,20260121T024500Z,https://www.investopedia.com/thmb/KYpwEOepxEiZD_1485pWswaNE4s=/1500x0/filters:no_upscale():max_bytes(150000):strip_icc()/GettyImages-1246652809-9232cebf0938444191353cddfc926f8e.jpg,investopedia.com,English,United States,major central banks  understanding their role and influence,investopedia.com,neutral,0.922416090965271
https://www.marketplace.org/story/2026/01/28/us-dollar-weakening-is-bad-news-for-countries-that-use-the-euro,,U . S . dollar weakening is bad news for countries that use the euro,20260129T010000Z,https://img.apmcdn.org/94b6a58e2e5b22460c924a57816fcba38803436c/widescreen/0988f6-20260128-euro-rising-2000.jpg,marketplace.org,English,United States,u  s  dollar weakening is bad news for countries that use the euro,marketplace.org,negative,0.9649529457092285
https://www.fxstreet.com/news/eur-usd-hits-five-year-peak-above-12080-as-trump-dismisses-dollar-202601272255,https://www.fxstreet.com/amp/news/eur-usd-hits-five-year-peak-above-12080-as-trump-dismisses-dollar-202601272255,EUR / USD hits five - year peak above 1 . 2080 as Trump dismisses Dollar,20260128T003000Z,https://editorial.fxsstatic.com/images/i/EURUSD-bullish-line_Medium.png,fxstreet.com,English,China,eur  usd hits five  year peak above 1  2080 as trump dismisses dollar,fxstreet.com,positive,0.5859482288360596
https://www.fxstreet.com/news/eur-usd-falls-toward-11850-due-to-safe-haven-demand-202601260107,https://www.fxstreet.com/amp/news/eur-usd-falls-toward-11850-due-to-safe-haven-demand-202601260107,EUR / USD falls toward 1 . 1850 due to safe - haven demand,20260126T014500Z,https://editorial.fxsstatic.com/images/i/EURUSD-bearish-line_Medium.png,fxstreet.com,English,China,eur  usd falls toward 1  1850 due to safe  haven demand,fxstreet.com,negative,0.8466981649398804
https://www.fxstreet.com/analysis/eur-usd-forecast-euro-nears-one-month-lows-at-11618-amid-a-firm-us-dollar-202601150727,https://www.fxstreet.com/amp/analysis/eur-usd-forecast-euro-nears-one-month-lows-at-11618-amid-a-firm-us-dollar-202601150727,EUR / USD Forecast : Euro nears one - month lows at 1 . 1618 amid a firm US Dollar,20260115T120000Z,https://editorial.fxsstatic.com/images/i/EURUSD-bearish-line_Medium.png,fxstreet.com,English,China,eur  usd forecast  euro nears one  month lows at 1  1618 amid a firm us dollar,fxstreet.com,negative,0.9326187372207642
https://timesofoman.com/article/167640-us-fed-keeps-rates-unchanged-despite-trump-pressure,,US Fed keeps rates unchanged despite Trump pressure,20260129T061500Z,https://shabiba.eu-central-1.linodeobjects.com/2026/01/1769653042-1769653041-gits3hiabffz-700x400.jpg,timesofoman.com,English,Oman,us fed keeps rates unchanged despite trump pressure,timesofoman.com,neutral,0.7610142230987549
https://www.fx-mm.com/resources/economic-calendar/,,Economic Calendar Guide : Key Events That Move Markets,20260119T131500Z,,fx-mm.com,English,United Kingdom,economic calendar guide  key events that move markets,fx-mm.com,neutral,0.9403194785118103
https://www.firstpost.com/world/fed-holds-interest-rates-steady-resists-trumps-pressure-for-cuts-13973558.html,https://www.firstpost.com/world/fed-holds-interest-rates-steady-resists-trumps-pressure-for-cuts-13973558.html/amp,"Fed holds interest rates steady , resists Trump pressure for cuts – Firstpost",20260128T200000Z,"https://images.firstpost.com/uploads/2025/03/Powell1200-2025-03-fdddce7a9e28d45a438c15d9ba50b0b2.jpg?im=FitAndFill=(1200,675)",firstpost.com,English,India,fed holds interest rates steady  resists trump pressure for cuts  firstpost,firstpost.com,neutral,0.4743300676345825
https://www.channelnewsasia.com/business/stocks-us-fed-cut-rate-reserve-powell-trump-5892231,,"US Fed holds interest rates steady , defying Trump pressure",20260129T021500Z,"https://dam.mediacorp.sg/image/upload/s--553OzkQA--/c_crop,h_576,w_1024,x_0,y_0/c_fill,g_auto,h_338,w_600/fl_relative,g_south_east,l_mediacorp:cna:watermark:2023-11:afp_watermark_14112023,w_0.1/f_auto,q_auto/v1/mediacorp/cna/image/2025/12/11/jerome_powell_us_fed_afp.jpg?itok=prsFiVLI",channelnewsasia.com,English,United States,us fed holds interest rates steady  defying trump pressure,channelnewsasia.com,neutral,0.5081688165664673
https://www.fxstreet.com/news/eur-usd-climbs-toward-11870-as-dollar-sinks-on-geopolitical-jitters-202601262251,https://www.fxstreet.com/amp/news/eur-usd-climbs-toward-11870-as-dollar-sinks-on-geopolitical-jitters-202601262251,EUR / USD climbs toward 1 . 1870 as Dollar sinks on geopolitical jitters,20260127T010000Z,https://editorial.fxsstatic.com/images/i/EURUSD-bullish-line_Medium.png,fxstreet.com,English,China,eur  usd climbs toward 1  1870 as dollar sinks on geopolitical jitters,fxstreet.com,negative,0.778274655342102
https://www.fxstreet.com/news/banxico-minutes-board-turns-cautious-on-future-rate-moves-202601082245,https://www.fxstreet.com/amp/news/banxico-minutes-board-turns-cautious-on-future-rate-moves-202601082245,Banxico minutes : Board turns cautious on future rate moves,20260108T233000Z,https://editorial.fxsstatic.com/images/i/mexico-bank-02_Medium.jpg,fxstreet.com,English,China,banxico minutes  board turns cautious on future rate moves,fxstreet.com,negative,0.6756189465522766
https://www.morningstar.com/markets/fed-may-be-pause-it-may-not-be-done-cutting-rates,,"The Fed May Be on Pause , but It May Not Be Done Cutting Rates",20260129T014500Z,https://morningstar-morningstar-prod.web.arc-cdn.net/resizer/JG000yqoaEnbiJerRA6uGeSuKvU=/2400x1350/cloudfront-us-east-1.images.arcpublishing.com/morningstar/ULITD4RORNBK5F7RCOYNXBAHGU.jpg,morningstar.com,English,China,the fed may be on pause  but it may not be done cutting rates,morningstar.com,negative,0.4947274625301361
https://theconversation.com/why-central-bankers-look-to-the-stars-when-setting-interest-rates-270052,,Why central bankers look to the  star when setting interest rates,20260101T233000Z,https://images.theconversation.com/files/705482/original/file-20251201-56-ofhfre.jpg?ixlib=rb-4.1.0&rect=0%2C294%2C3000%2C1500&q=45&auto=format&fit=crop,theconversation.com,English,Australia,why central bankers look to the  star when setting interest rates,theconversation.com,neutral,0.9033761024475098
https://www.fxstreet.com/analysis/eur-usd-forecast-euro-bulls-show-no-interest-202601020649,https://www.fxstreet.com/amp/analysis/eur-usd-forecast-euro-bulls-show-no-interest-202601020649,EUR / USD Forecast : Euro bulls show no interest,20260102T084500Z,https://editorial.fxsstatic.com/images/i/eur-usd-fix-02_Medium.jpg,fxstreet.com,English,China,eur  usd forecast  euro bulls show no interest,fxstreet.com,neutral,0.7051587104797363
https://www.fxstreet.com/news/eur-gbp-holds-gains-above-08650-after-uk-employment-data-202601200721,https://www.fxstreet.com/amp/news/eur-gbp-holds-gains-above-08650-after-uk-employment-data-202601200721,EUR / GBP holds gains above 0 . 8650 after united kingdom employment data,20260120T081500Z,https://editorial.fxsstatic.com/images/i/EUR-bullish-chart_Medium.png,fxstreet.com,English,China,eur  gbp holds gains above 0  8650 after united kingdom employment data,fxstreet.com,positive,0.7536778450012207
https://www.fxstreet.com/news/eur-usd-gains-above-11600-as-europe-pushes-back-on-trumps-tariff-threat-202601190436,https://www.fxstreet.com/amp/news/eur-usd-gains-above-11600-as-europe-pushes-back-on-trumps-tariff-threat-202601190436,Euro gains above 1 . 1600 as Europe pushes back on Trump tariff threat,20260119T050000Z,https://editorial.fxsstatic.com/images/i/EUR-bullish-line_Medium.png,fxstreet.com,English,China,euro gains above 1  1600 as europe pushes back on trump tariff threat,fxstreet.com,positive,0.6698318719863892
https://www.afr.com/world/north-america/fed-policymakers-vote-to-hold-rates-steady-20260129-p5nxue,,"Federal Reserve interest rates : US central bank held borrowing costs steady , pointing to  solid  economic growth",20260128T221500Z,https://static.ffx.io/images/$zoom_0.1765%2C$multiply_4%2C$ratio_1.777778%2C$width_1059%2C$x_0%2C$y_0/t_crop_custom/c_scale%2Cw_800%2Cq_88%2Cf_jpg/t_afr_no_label_no_age_social_wm/002cea082d3ae7490cba91e9746a51c9b2e6fa49,afr.com,English,Australia,federal reserve interest rates  us central bank held borrowing costs steady  pointing to  solid  economic growth,afr.com,positive,0.9022049903869629
https://voiceofvienna.org/the-european-central-bank-says-things-are-relatively-stable-in-europe-for-now-but-its-keeping-a-nervous-eye-on-the-united-states/,,"The European Central Bank says things are relatively stable in Europe for now , but it keeping a nervous eye on the United States . ",20260117T153000Z,https://voiceofvienna.org/wp-content/uploads/2025/01/ECB.jpg,voiceofvienna.org,English,Pakistan,the european central bank says things are relatively stable in europe for now  but it keeping a nervous eye on the united states,voiceofvienna.org,neutral,0.387817919254303
https://www.forbes.com/sites/tylerroush/2026/01/29/trump-claims-us-should-pay-worlds-lowest-interest-rates-after-fed-paused-cuts/,,Trump Says US Should Pay World Lowest Interest Rates Calls Powell A  Moron  ,20260129T141500Z,"https://imageio.forbes.com/specials-images/imageserve/691e0e7c69c47b76b76f96af/0x0.jpg?format=jpg&crop=1660,933,x0,y0,safe&fit=bounds",forbes.com,English,United States,trump says us should pay world lowest interest rates calls powell a  moron,forbes.com,negative,0.8759980201721191
http://www.econotimes.com/FxWirePro-EUR-NZD-edges-higher-but-bulls-lack-punch-1732029,,FxWirePro : EUR / NZD edges higher but bulls lack punch,20260128T031500Z,https://f1.econotimes.com/2026/01/gy14fy7mdg.jpg,econotimes.com,English,United States,fxwirepro  eur  nzd edges higher but bulls lack punch,econotimes.com,positive,0.5877243280410767
https://abcnews.go.com/Business/stock-market-shrugging-off-criminal-probe-fed-chair/story?id=129160781,https://abcnews.go.com/amp/Business/stock-market-shrugging-off-criminal-probe-fed-chair/story?id=129160781,Why is the stock market shrugging off the criminal probe into Fed Chair Powell ? ,20260113T230000Z,https://i.abcnewsfe.com/a/1437d0e1-5a51-454a-9481-8803606c96f8/nyse-rt-jef-260113_1768331777553_hpMain_16x9.jpg,abcnews.go.com,English,United States,why is the stock market shrugging off the criminal probe into fed chair powell,abcnews.go.com,neutral,0.6152870059013367
https://www.fxstreet.com/news/eur-usd-remains-steady-near-four-year-highs-despite-fed-hawkishness-202601290927,https://www.fxstreet.com/amp/news/eur-usd-remains-steady-near-four-year-highs-despite-fed-hawkishness-202601290927,EUR / USD steadies near long - term highs amid a vulnerable US Dollar,20260129T100000Z,https://editorial.fxsstatic.com/images/i/eur-usd-fix-01_Medium.jpg,fxstreet.com,English,China,eur  usd steadies near long  term highs amid a vulnerable us dollar,fxstreet.com,positive,0.5578858256340027
https://finance.yahoo.com/news/heres-federal-expected-cut-interest-093600060.html,,"Here When the Federal Reserve Is Expected to Cut Interest Rates in 2026 , and What It Means for the Stock Market",20260105T104500Z,https://s.yimg.com/ny/api/res/1.2/2_COrk8Ys31WmyRt8OmWDQ--/YXBwaWQ9aGlnaGxhbmRlcjt3PTEyMDA7aD03Njg-/https://media.zenfs.com/en/motleyfool.com/8e181baac78efb0e8ba528a6cffc3985,finance.yahoo.com,English,United States,here when the federal reserve is expected to cut interest rates in 2026  and what it means for the stock market,finance.yahoo.com,neutral,0.6872400045394897
https://www.morningstar.com/news/marketwatch/20260114503/your-wealth-and-investments-are-on-the-line-if-trump-torpedoes-the-feds-independence,,Your wealth and investments are on the line if Trump torpedoes the Fed independence,20260115T031500Z,https://images.contentstack.io/v3/assets/blt4eb669caa7dc65b2/blta7dd42ebdd7b93b8/61899b34a3c7df383578294c/morningstar-og.png,morningstar.com,English,China,your wealth and investments are on the line if trump torpedoes the fed independence,morningstar.com,neutral,0.9329019784927368
https://economictimes.indiatimes.com/news/international/us/fed-rate-cuts-expected-in-2026-as-congressional-budget-office-warns-of-slower-growth-and-costlier-mortgages/articleshow/126422520.cms,https://m.economictimes.com/news/international/us/fed-rate-cuts-expected-in-2026-as-congressional-budget-office-warns-of-slower-growth-and-costlier-mortgages/amp_articleshow/126422520.cms,rate cuts 2026 : Fed rate cuts expected in 2026 as Congressional Budget Office warns of slower growth and costlier mortgages,20260108T233000Z,"https://img.etimg.com/thumb/msid-126422520,width-1200,height-630,imgsize-98818,overlay-economictimes/articleshow.jpg",economictimes.indiatimes.com,English,India,rate cuts 2026  fed rate cuts expected in 2026 as congressional budget office warns of slower growth and costlier mortgages,economictimes.indiatimes.com,negative,0.8676562905311584
https://www.theglobeandmail.com/business/article-boc-and-fed-expected-to-hold-interest-rates-steady-as-trade/,,BoC and Fed expected to hold interest rates steady as trade uncertainty continues,20260126T194500Z,https://www.theglobeandmail.com/resizer/v2/2KQP23PVBFCWZH7AORDVPGHAUA.JPG?auth=0578d5d1fb1fdf2353413e4c5a06c00da0decee983dceb6b375857132608dd23&quality=80&smart=true,theglobeandmail.com,English,Canada,boc and fed expected to hold interest rates steady as trade uncertainty continues,theglobeandmail.com,negative,0.5039710998535156
https://www.fxstreet.com/news/eur-usd-slides-for-third-day-as-strong-us-data-lifts-dollar-202601072230,https://www.fxstreet.com/amp/news/eur-usd-slides-for-third-day-as-strong-us-data-lifts-dollar-202601072230,EUR / USD slides for third day as strong US data lifts Dollar,20260107T231500Z,https://editorial.fxsstatic.com/images/i/EURUSD-bearish-line_Medium.png,fxstreet.com,English,China,eur  usd slides for third day as strong us data lifts dollar,fxstreet.com,negative,0.8687024712562561
"https://home.nzcity.co.nz/news/article.aspx?id=437946&fm=psp,tsf",,Why the world central bankers had to speak up against Trump attacks on the Fed - 14 - Jan - 2026,20260114T074500Z,,home.nzcity.co.nz,English,New Zealand,why the world central bankers had to speak up against trump attacks on the fed  14  jan  2026,home.nzcity.co.nz,neutral,0.8830626606941223
https://vietnamnet.vn/en/global-economy-in-2025-inflation-cools-metals-soar-risks-intensify-2478375.html,,"Global economy in 2025 : Inflation cools , metals soar , risks intensify",20260102T113000Z,https://static-images.vnncdn.net/vps_images_publish/000001/00000Q/2026/1/2/global-economy-in-2025-inflation-cools-metals-soar-risks-intensify-90d97c26841441fdbceff2f72c83d040-992.png?&s=Vo5fB1qnmmlEy5k7YRPnEA,vietnamnet.vn,English,Vietnam,global economy in 2025  inflation cools  metals soar  risks intensify,vietnamnet.vn,negative,0.5355757474899292
https://www.moneycontrol.com/news/business/tense-fed-is-set-to-lead-global-peers-with-interest-rate-hold-13789758.html,https://www.moneycontrol.com/news/business/tense-fed-is-set-to-lead-global-peers-with-interest-rate-hold-13789758.html/amp,Tense Fed is set to lead global peers with interest - rate hold,20260125T023000Z,https://images.moneycontrol.com/static-mcnews/2025/12/20251229231721_446911772.jpg,moneycontrol.com,English,India,tense fed is set to lead global peers with interest  rate hold,moneycontrol.com,neutral,0.6347432136535645
https://dailycaller.com/2026/01/01/economy-trump-2025-tariffs-tax-cuts-federal-workers/,,Here How The US Economy Really Fared Under Trump In 2025,20260101T183000Z,"https://images.dailycaller.com/image/width=1280,height=549,fit=cover,format=webp,f=auto/https://cdn01.dailycaller.com/wp-content/uploads/2025/12/GettyImages-2252102303-scaled-e1767110662586.jpg",dailycaller.com,English,United States,here how the us economy really fared under trump in 2025,dailycaller.com,neutral,0.7590427398681641
https://thebusinessjournal.com/blog-interfering-with-the-fed-is-a-risk-we-cant-afford/,,BLOG : Interfering with the Fed is a risk we cant afford,20260129T020000Z,https://thebusinessjournal.com/wp-content/uploads/2026/01/oped-Samuel-M-photo-e1769639017207.png,thebusinessjournal.com,English,United States,blog  interfering with the fed is a risk we cant afford,thebusinessjournal.com,neutral,0.6631805300712585
https://www.knzr.com/syndicated-article/?id=1651669,,US economy grew more than expected in 3rd quarter,20260108T224500Z,https://s3.amazonaws.com/syndication.abcaudio.com/files/2025-12-23/GETTYRF_3123_ShoppingCartGroceries%20%282%29.jpg?icb=1767911551,knzr.com,English,United States,us economy grew more than expected in 3rd quarter,knzr.com,positive,0.9508666396141052
https://www.fxstreet.com/news/eur-usd-flat-around-11650-as-hot-us-ppi-geopolitics-freeze-trade-202601142328,https://www.fxstreet.com/amp/news/eur-usd-flat-around-11650-as-hot-us-ppi-geopolitics-freeze-trade-202601142328,"EUR / USD flat around 1 . 1650 as hot US PPI , geopolitics freeze trade",20260115T020000Z,https://editorial.fxsstatic.com/images/i/eur-usd-fix-01_Medium.jpg,fxstreet.com,English,China,eur  usd flat around 1  1650 as hot us ppi  geopolitics freeze trade,fxstreet.com,negative,0.7826247215270996
https://www.fxstreet.com/news/eur-usd-recovers-from-intraday-lows-after-weak-us-ism-pmi-202601051611,https://www.fxstreet.com/amp/news/eur-usd-recovers-from-intraday-lows-after-weak-us-ism-pmi-202601051611,EUR / USD recovers from intraday lows after weak US ISM PMI,20260105T191500Z,https://editorial.fxsstatic.com/images/i/EURUSD-bullish-line_Medium.png,fxstreet.com,English,China,eur  usd recovers from intraday lows after weak us ism pmi,fxstreet.com,negative,0.6611960530281067
https://www.fx-mm.com/resources/central-banks/,,Central Banks Guide : The Institutions That Shape Forex,20260119T131500Z,,fx-mm.com,English,United Kingdom,central banks guide  the institutions that shape forex,fx-mm.com,neutral,0.9398800730705261
https://www.forbes.com/sites/brandonkochkodin/2026/01/14/why-trumps-threats-to-fed-independence-arent-tanking-stocks/,,Why Trump Fight With Powell Isnt Shaking The Stock Market,20260114T121500Z,https://imageio.forbes.com/specials-images/imageserve/6966bd53f0d4d2c47b591d61/0x0.jpg?format=jpg&fit=bounds,forbes.com,English,United States,why trump fight with powell isnt shaking the stock market,forbes.com,neutral,0.5417086482048035
https://finance.yahoo.com/news/fed-split-deepens-miran-calls-020300970.html,,Fed split deepens as Miran calls for 1 . 5 - point rate cut,20260109T023000Z,https://media.zenfs.com/en/thestreet_881/0f1e55a7bfa24b24fab685bdd212c654,finance.yahoo.com,English,United States,fed split deepens as miran calls for 1  5  point rate cut,finance.yahoo.com,negative,0.507849395275116
https://www.zerohedge.com/economics/tax-cuts-tariff-stability-us-economy-poised-solid-growth-2026,,From Tax - Cuts To Tariff - Stability : US Economy Poised For Solid Growth In 2026,20251231T014500Z,https://assets.zerohedge.com/s3fs-public/styles/16_9_max_700/public/2025-12/image%20-%202025-12-30T092000.885.jpg?itok=KX6JTHxO,zerohedge.com,English,United States,from tax  cuts to tariff  stability  us economy poised for solid growth in 2026,zerohedge.com,positive,0.943075954914093
https://www.marketscreener.com/news/cook-case-could-lead-to-cause-protections-for-fed-or-a-roadmap-for-dismissals-ce7e58dfd18bf325,,"Cook case could lead to  cause  protections for Fed , or a roadmap for dismissals",20260119T114500Z,https://cdn.zonebourse.com/static/resize/0/0/images/reuters/2025-11/2025-11-17T210234Z_1_LYNXMPELAG12X_RTROPTP_4_USA-FED-COOK.JPG,marketscreener.com,English,,cook case could lead to  cause  protections for fed  or a roadmap for dismissals,marketscreener.com,negative,0.9397184252738953
https://www.baltimoresun.com/2026/01/12/why-the-federal-reserve-is-independent/,,Why the Federal Reserve has historically been independent of politics,20260112T174500Z,https://www.baltimoresun.com/wp-content/uploads/2026/01/Trump_Federal_Reserve_Chair_39895-1.jpg,baltimoresun.com,English,United States,why the federal reserve has historically been independent of politics,baltimoresun.com,neutral,0.9213318824768066
https://www.ocregister.com/2026/01/12/why-the-federal-reserve-is-independent/,,Why the Federal Reserve has historically been independent of politics,20260112T180000Z,https://www.ocregister.com/wp-content/uploads/2026/01/Trump_Federal_Reserve_Chair_39895-1.jpg,ocregister.com,English,United States,why the federal reserve has historically been independent of politics,ocregister.com,neutral,0.9213318824768066
https://www.sandiegouniontribune.com/2026/01/12/why-the-federal-reserve-is-independent/,,Why the Federal Reserve has historically been independent of politics,20260112T183000Z,https://www.sandiegouniontribune.com/wp-content/uploads/2026/01/Trump_Federal_Reserve_Chair_39895-1.jpg,sandiegouniontribune.com,English,United States,why the federal reserve has historically been independent of politics,sandiegouniontribune.com,neutral,0.9213318824768066
https://www.nbcnewyork.com/news/politics/why-federal-reserve-independent-of-white-house/6442786/,https://www.nbcnewyork.com/news/politics/why-federal-reserve-independent-of-white-house/6442786/?amp=1,Why the Federal Reserve independence is guarded so closely – NBC New York,20260113T014500Z,https://media.nbcnewyork.com/2026/01/INDEPENDENT-FED.jpg?quality=85&strip=all,nbcnewyork.com,English,United States,why the federal reserve independence is guarded so closely  nbc new york,nbcnewyork.com,neutral,0.8392207622528076
https://www.pilotonline.com/2026/01/12/why-the-federal-reserve-is-independent/,,Why the Federal Reserve has historically been independent of politics,20260112T183000Z,https://www.pilotonline.com/wp-content/uploads/2026/01/Trump_Federal_Reserve_Chair_39895-1.jpg,pilotonline.com,English,United States,why the federal reserve has historically been independent of politics,pilotonline.com,neutral,0.9213318824768066
https://www.nbcdfw.com/news/politics/why-federal-reserve-independent-of-white-house/3967413/,https://www.nbcdfw.com/news/politics/why-federal-reserve-independent-of-white-house/3967413/?amp=1,Why the Federal Reserve independence is guarded so closely – NBC 5 Dallas - Fort Worth,20260113T011500Z,https://media.nbcdfw.com/2026/01/INDEPENDENT-FED.jpg?quality=85&strip=all,nbcdfw.com,English,United States,why the federal reserve independence is guarded so closely  nbc 5 dallas  fort worth,nbcdfw.com,neutral,0.8672284483909607
https://www.nbcwashington.com/news/politics/why-federal-reserve-independent-of-white-house/4040992/,https://www.nbcwashington.com/news/politics/why-federal-reserve-independent-of-white-house/4040992/?amp=1,Why the Federal Reserve independence is guarded so closely – NBC4 Washington,20260113T001500Z,https://media.nbcwashington.com/2026/01/INDEPENDENT-FED.jpg?quality=85&strip=all,nbcwashington.com,English,United States,why the federal reserve independence is guarded so closely  nbc4 washington,nbcwashington.com,neutral,0.9051758050918579
https://www.nbclosangeles.com/news/politics/why-federal-reserve-independent-of-white-house/3830500/,https://www.nbclosangeles.com/news/politics/why-federal-reserve-independent-of-white-house/3830500/?amp=1,Why the Federal Reserve independence is guarded so closely – NBC Los Angeles,20260112T213000Z,https://media.nbclosangeles.com/2026/01/INDEPENDENT-FED.jpg?quality=85&strip=all,nbclosangeles.com,English,United States,why the federal reserve independence is guarded so closely  nbc los angeles,nbclosangeles.com,neutral,0.8484178781509399
https://www.nbcsandiego.com/news/politics/why-federal-reserve-independent-of-white-house/3959913/,https://www.nbcsandiego.com/news/politics/why-federal-reserve-independent-of-white-house/3959913/?amp=1,Why the Federal Reserve independence is guarded so closely – NBC 7 San Diego,20260112T223000Z,https://media.nbcsandiego.com/2026/01/INDEPENDENT-FED.jpg?quality=85&strip=all,nbcsandiego.com,English,United States,why the federal reserve independence is guarded so closely  nbc 7 san diego,nbcsandiego.com,neutral,0.8786423206329346
https://www.nbcconnecticut.com/news/politics/why-federal-reserve-independent-of-white-house/3686219/,https://www.nbcconnecticut.com/news/politics/why-federal-reserve-independent-of-white-house/3686219/?amp=1,Why the Federal Reserve independence is guarded so closely – NBC Connecticut,20260113T013000Z,https://media.nbcconnecticut.com/2026/01/INDEPENDENT-FED.jpg?quality=85&strip=all,nbcconnecticut.com,English,United States,why the federal reserve independence is guarded so closely  nbc connecticut,nbcconnecticut.com,neutral,0.8806850910186768
https://www.nbcphiladelphia.com/news/politics/why-federal-reserve-independent-of-white-house/4331827/,https://www.nbcphiladelphia.com/news/politics/why-federal-reserve-independent-of-white-house/4331827/?amp=1,Why the Federal Reserve independence is guarded so closely – NBC10 Philadelphia,20260113T014500Z,https://media.nbcphiladelphia.com/2026/01/INDEPENDENT-FED.jpg?quality=85&strip=all,nbcphiladelphia.com,English,United States,why the federal reserve independence is guarded so closely  nbc10 philadelphia,nbcphiladelphia.com,neutral,0.8955650925636292
https://www.dailynews.com/2026/01/12/why-the-federal-reserve-is-independent/,,Why the Federal Reserve has historically been independent of politics,20260112T214500Z,https://www.dailynews.com/wp-content/uploads/2026/01/Trump_Federal_Reserve_Chair_39895-1.jpg,dailynews.com,English,United States,why the federal reserve has historically been independent of politics,dailynews.com,neutral,0.9213318824768066
https://www.nbcmiami.com/news/politics/why-federal-reserve-independent-of-white-house/3747836/,https://www.nbcmiami.com/news/politics/why-federal-reserve-independent-of-white-house/3747836/?amp=1,Why the Federal Reserve independence is guarded so closely – NBC 6 South Florida,20260113T010000Z,https://media.nbcmiami.com/2026/01/INDEPENDENT-FED.jpg?quality=85&strip=all,nbcmiami.com,English,United States,why the federal reserve independence is guarded so closely  nbc 6 south florida,nbcmiami.com,neutral,0.8946516513824463
https://edition.cnn.com/2026/01/13/economy/federal-reserve-rate-decision-january,,The Fed is unlikely to cut interest rates any time soon . Here why that might be good news,20260113T143000Z,"https://media.cnn.com/api/v1/images/stellar/prod/2025-12-10t200135z-1925303041-rc2vdia12lfl-rtrmadp-3-usa-fed.JPG?c=16x9&q=w_800,c_fill",edition.cnn.com,English,United States,the fed is unlikely to cut interest rates any time soon  here why that might be good news,edition.cnn.com,neutral,0.49446532130241394
https://www.cnn.com/2026/01/13/economy/federal-reserve-rate-decision-january,,The Fed is unlikely to cut interest rates any time soon . Here why that might be good news,20260113T123000Z,"https://media.cnn.com/api/v1/images/stellar/prod/2025-12-10t200135z-1925303041-rc2vdia12lfl-rtrmadp-3-usa-fed.JPG?c=16x9&q=w_800,c_fill",cnn.com,English,United States,the fed is unlikely to cut interest rates any time soon  here why that might be good news,cnn.com,neutral,0.49446532130241394
https://abcnews.go.com/Business/jobs-report-expected-show-uptick-hiring-fed-cuts/story?id=129013718,https://abcnews.go.com/amp/Business/jobs-report-expected-show-uptick-hiring-fed-cuts/story?id=129013718,Jobs report expected to show uptick in hiring as Fed cuts interest rates,20260109T110000Z,https://i.abcnewsfe.com/a/5acc49ae-db3e-4a08-9943-a9f4faf921c8/restaurant-new-york-gty-jt-260108_1767906610388_hpMain_16x9.jpg,abcnews.go.com,English,United States,jobs report expected to show uptick in hiring as fed cuts interest rates,abcnews.go.com,positive,0.7523373365402222
https://www.bostonglobe.com/2026/01/12/nation/federal-reserve-independence-trump/,,Why the Federal Reserve has been independent of the White House,20260112T190000Z,https://bostonglobe-prod.cdn.arcpublishing.com/resizer/v2/DH4A4Q26QRAPS7QJEZNVJ7KIXM.jpg?auth=177e720fd238133df412b65b9730b286d60092e19f804715aa7e528f657e3908,bostonglobe.com,English,United States,why the federal reserve has been independent of the white house,bostonglobe.com,neutral,0.8981971144676208
https://abc7chicago.com/post/jobs-report-expected-show-uptick-hiring-fed-cuts-interest-rates/18376958/,,Jobs report expected to show uptick in hiring as Fed cuts interest rates,20260109T134500Z,https://cdn.abcotvs.com/dip/images/18376978_010926-cc-ap-job-fair-img.jpg,abc7chicago.com,English,United States,jobs report expected to show uptick in hiring as fed cuts interest rates,abc7chicago.com,positive,0.7523373365402222
https://www.thetimes-tribune.com/2026/01/12/why-the-federal-reserve-is-independent/,,Why the Federal Reserve has historically been independent of politics,20260112T210000Z,https://www.thetimes-tribune.com/wp-content/uploads/2026/01/Trump_Federal_Reserve_Chair_39895-1.jpg,thetimes-tribune.com,English,United States,why the federal reserve has historically been independent of politics,thetimes-tribune.com,neutral,0.9213318824768066
https://www.marinij.com/2026/01/12/why-the-federal-reserve-is-independent/,https://www.marinij.com/2026/01/12/why-the-federal-reserve-is-independent/amp/,Why the Federal Reserve has historically been independent of politics,20260112T181500Z,https://www.marinij.com/wp-content/uploads/2026/01/Trump_Federal_Reserve_Chair_39895-1.jpg,marinij.com,English,United States,why the federal reserve has historically been independent of politics,marinij.com,neutral,0.9213318824768066
https://www.theoaklandpress.com/2026/01/12/why-the-federal-reserve-is-independent/,,Why the Federal Reserve has historically been independent of politics,20260112T220000Z,https://www.theoaklandpress.com/wp-content/uploads/2026/01/Trump_Federal_Reserve_Chair_39895-1.jpg,theoaklandpress.com,English,United States,why the federal reserve has historically been independent of politics,theoaklandpress.com,neutral,0.9213318824768066
https://www.fxstreet.com/news/german-retail-sales-rise-11-yoy-in-november-202601070702,https://www.fxstreet.com/amp/news/german-retail-sales-rise-11-yoy-in-november-202601070702,German Retail Sales climbs 1 . 1 % YoY in November,20260107T081500Z,https://editorial.fxsstatic.com/images/i/dax-02_Medium.jpg,fxstreet.com,English,China,german retail sales climbs 1  1  yoy in november,fxstreet.com,positive,0.9278598427772522
https://insurancenewsnet.com/oarticle/you-decide-which-kevin-will-win,,You Decide : Which Kevin will win ? ,20260101T140000Z,https://insurancenewsnet.com/wp-content/themes/inn-2-child/img/inn-social-default.jpg,insurancenewsnet.com,English,United States,you decide  which kevin will win,insurancenewsnet.com,neutral,0.9443801641464233
https://www.morningstar.com/news/dow-jones/202601159248/dow-jones-top-markets-headlines-at-9-pm-et-stocks-advance-as-earnings-boost-markets-philly,,Dow Jones Top Markets Headlines at 9 PM ET : Stocks Advance as Earnings Boost Markets | Philly ... ,20260116T031500Z,https://images.contentstack.io/v3/assets/blt4eb669caa7dc65b2/blta7dd42ebdd7b93b8/61899b34a3c7df383578294c/morningstar-og.png,morningstar.com,English,China,dow jones top markets headlines at 9 pm et  stocks advance as earnings boost markets  philly,morningstar.com,positive,0.7768394947052002
https://insurancenewsnet.com/oarticle/deep-divide-inside-fed-raises-questions-about-timing-of-further-rate-cuts,,Deep divide inside Fed raises questions about timing of further rate cuts,20251231T091500Z,https://insurancenewsnet.com/wp-content/themes/inn-2-child/img/inn-social-default.jpg,insurancenewsnet.com,English,United States,deep divide inside fed raises questions about timing of further rate cuts,insurancenewsnet.com,negative,0.8538263440132141
https://www.fxstreet.com/news/eur-usd-soars-above-11800-as-yen-intervention-rumors-slam-dollar-202601232113,https://www.fxstreet.com/amp/news/eur-usd-soars-above-11800-as-yen-intervention-rumors-slam-dollar-202601232113,EUR / USD soars above 1 . 1800 as Yen intervention rumors slam Dollar,20260126T014500Z,https://editorial.fxsstatic.com/images/i/EURUSD_Medium.png,fxstreet.com,English,China,eur  usd soars above 1  1800 as yen intervention rumors slam dollar,fxstreet.com,negative,0.48267802596092224
https://www.readingeagle.com/2026/01/12/why-the-federal-reserve-is-independent/,,Why the Federal Reserve has historically been independent of politics,20260112T190000Z,https://www.readingeagle.com/wp-content/uploads/2026/01/Trump_Federal_Reserve_Chair_39895-1.jpg,readingeagle.com,English,United States,why the federal reserve has historically been independent of politics,readingeagle.com,neutral,0.9213318824768066
https://1190talkradio.iheart.com/content/2026-01-27-president-trump-wants-lower-interest-rates-will-the-fed-comply/,,President Trump Wants Lower Interest Rates . Will the Fed Comply ? ,20260128T134500Z,"https://i.iheart.com/v3/re/assets.getty/62823a0174033affe5e13efd?ops=gravity(%22north%22),fit(1200,675),quality(65)",1190talkradio.iheart.com,English,United States,president trump wants lower interest rates  will the fed comply,1190talkradio.iheart.com,neutral,0.5703492760658264
https://woai.iheart.com/featured/san-antonios-first-news/content/2026-01-27-president-trump-wants-lower-interest-rates-will-the-fed-comply/,,President Trump Wants Lower Interest Rates . Will the Fed Comply ? | News Radio 1200 WOAI,20260128T111500Z,"https://i.iheart.com/v3/re/assets.getty/62823a0174033affe5e13efd?ops=gravity(%22north%22),fit(1200,675),quality(65)",woai.iheart.com,English,United States,president trump wants lower interest rates  will the fed comply   news radio 1200 woai,woai.iheart.com,neutral,0.7823782563209534
https://themunicheye.com/breaking-news/federal-reserve-holds-interest-rates-economic-growth-778,https://themunicheye.com/amp/breaking-news/federal-reserve-holds-interest-rates-economic-growth-778.html,Federal Reserve Expected to Maintain Interest Rates Amid Economic Stability,20260128T163000Z,https://themunicheye.com/content_images/open-graph-tme.webp,themunicheye.com,English,Germany,federal reserve expected to maintain interest rates amid economic stability,themunicheye.com,positive,0.8547471165657043
https://www.fxstreet.com/news/usd-cad-holds-gains-above-13800-amid-lower-oil-prices-202601070242,https://www.fxstreet.com/amp/news/usd-cad-holds-gains-above-13800-amid-lower-oil-prices-202601070242,USD / CAD holds gains above 1 . 3800 amid lower Oil prices,20260107T033000Z,https://editorial.fxsstatic.com/images/i/USDCAD-bullish-animal_Medium.png,fxstreet.com,English,China,usd  cad holds gains above 1  3800 amid lower oil prices,fxstreet.com,positive,0.8332067131996155
https://www.fool.com/investing/2026/01/14/stock-market-investors-news-president-trump-powell/?source=iedfolrf0000001,,Stock Market Investors Just Got Alarming News on President Trump Fight With Fed Chair Jerome Powell,20260114T120000Z,https://g.foolcdn.com/editorial/images/850882/president-donald-j-trump-listens-to-a-reporters-question-during-the-coronavirus-update-briefing-monday-april-27-2020-in-the-rose-garden-of-the-white-house-official-white-house-photo-by-andrea-hanks.jpg,fool.com,English,United States,stock market investors just got alarming news on president trump fight with fed chair jerome powell,fool.com,negative,0.7557651996612549
https://www.thehindu.com/news/international/feds-williams-says-monetary-policy-well-positioned-amid-a-favourable-outlook/article70503852.ece,https://www.thehindu.com/news/international/feds-williams-says-monetary-policy-well-positioned-amid-a-favourable-outlook/article70503852.ece/amp/,Fed Williams says monetary policy well positioned amid a favourable outlook,20260113T030000Z,https://th-i.thgim.com/public/incoming/6ruenk/article70503868.ece/alternates/LANDSCAPE_1200/2025-12-19T145712Z_1927835073_RC2518APGDWC_RTRMADP_3_USA-FED-WILLIAMS.JPG,thehindu.com,English,India,fed williams says monetary policy well positioned amid a favourable outlook,thehindu.com,positive,0.8713139295578003
https://www.thestar.com.my/aseanplus/aseanplus-news/2026/01/29/singapore-keeps-monetary-settings-unchanged-flags-firm-growth,,"Singapore keeps monetary settings unchanged , flags firm growth",20260129T023000Z,https://apicms.thestar.com.my/uploads/images/2026/01/29/3743682.jpg,thestar.com.my,English,Malaysia,singapore keeps monetary settings unchanged  flags firm growth,thestar.com.my,neutral,0.5189271569252014
https://www.asiaone.com:443/money/mas-keeps-monetary-settings-unchanged-flags-firm-growth,,"MAS keeps monetary settings unchanged , flags firm growth",20260129T033000Z,https://www.asiaone.com/sites/default/files/styles/article_top_image/public/original_images/Jan2026/1113_MAS%20%281%29.jpg?itok=5Z5OyTIo,asiaone.com,English,Singapore,mas keeps monetary settings unchanged  flags firm growth,asiaone.com:443,neutral,0.6656105518341064
https://laist.com/news/fed-holds-interest-rates-steady-defying-pressure-from-president-trump,,"Fed holds interest rates steady , defying pressure from President Trump",20260129T010000Z,http://npr-brightspot.s3.amazonaws.com/d5/a8/b563ed3543298589388cb58768ab/gettyimages-2251234549.jpg,laist.com,English,United States,fed holds interest rates steady  defying pressure from president trump,laist.com,positive,0.4584001898765564
https://www.dailysabah.com/business/economy/eurozone-inflation-ends-2025-on-positive-note-even-as-risks-linger,https://www.dailysabah.com/business/economy/eurozone-inflation-ends-2025-on-positive-note-even-as-risks-linger/amp,"Eurozone inflation ends 2025 on positive note , even as risks linger",20260107T154500Z,https://idsb.tmgrup.com.tr/ly/uploads/images/2026/01/07/thumbs/1200x675/420427.jpg,dailysabah.com,English,Turkey,eurozone inflation ends 2025 on positive note  even as risks linger,dailysabah.com,positive,0.9309636354446411
https://markets.financialcontent.com/stocks/article/marketminute-2026-1-26-the-golden-paradox-why-precious-metals-thrive-as-fed-fights-sticky-3-inflation,,FinancialContent - The Golden Paradox : Why Precious Metals Thrive as Fed Fights Sticky 3 % Inflation,20260126T230000Z,https://marketminute.ghost.io/content/images/size/w1200/2026/01/6bd5dd58-51ad-4deb-b12f-8619927b069c.png,markets.financialcontent.com,English,United States,financialcontent  the golden paradox  why precious metals thrive as fed fights sticky 3  inflation,markets.financialcontent.com,neutral,0.8391387462615967
https://www.marketscreener.com/news/week-ahead-for-fx-bonds-u-s-jobs-data-in-focus-as-investors-gauge-rate-outlook-ce7e59ded98ef02d,,"Week Ahead for FX , Bonds : U . S . Jobs Data in Focus as Investors Gauge Rate Outlook",20260105T084500Z,https://cdn.zonebourse.com/static/resize/0/0/images/reuters/2015-09-08T150215Z_1_LYNXNPEB870TT_RTROPTP_2_SWISS-SNB.JPG,marketscreener.com,English,,week ahead for fx  bonds  u  s  jobs data in focus as investors gauge rate outlook,marketscreener.com,neutral,0.6895725727081299
https://www.marketscreener.com/news/week-ahead-for-fx-bonds-u-s-jobs-data-in-focus-as-investors-gauge-rate-outlook-ce7e59d9d089f024,,"Week Ahead for FX , Bonds : U . S . Jobs Data in Focus as Investors Gauge Rate Outlook",20260104T223000Z,https://cdn.zonebourse.com/static/resize/0/0/images/reuters/2016-12-15T151007Z_1_LYNXMPECBE15R_RTROPTP_2_ECB-POLICY.JPG,marketscreener.com,English,,week ahead for fx  bonds  u  s  jobs data in focus as investors gauge rate outlook,marketscreener.com,neutral,0.6895725727081299
https://www.fxstreet.com/news/eur-cad-trades-around-16100-after-paring-recent-losses-202601050909,https://www.fxstreet.com/amp/news/eur-cad-trades-around-16100-after-paring-recent-losses-202601050909,EUR / CAD trades around 1 . 6100 after paring recent losses,20260105T100000Z,https://editorial.fxsstatic.com/images/i/EUR-bullish-line_Medium.png,fxstreet.com,English,China,eur  cad trades around 1  6100 after paring recent losses,fxstreet.com,positive,0.6648831963539124
https://www.marketscreener.com/news/fed-s-williams-says-monetary-policy-well-positioned-amid-a-favorable-outlook-ce7e58dbd98df425,,Fed Williams says monetary policy well positioned amid a favorable outlook,20260112T233000Z,https://cdn.zonebourse.com/static/resize/0/0/images/reuters/2025-11/2025-11-21T161623Z_1_LYNXMPELAK0UR_RTROPTP_4_USA-FED.JPG,marketscreener.com,English,,fed williams says monetary policy well positioned amid a favorable outlook,marketscreener.com,positive,0.8911731243133545
https://www.fxstreet.com/news/when-is-the-china-quarterly-gdp-and-how-could-it-affect-aud-usd-202601182336,https://www.fxstreet.com/amp/news/when-is-the-china-quarterly-gdp-and-how-could-it-affect-aud-usd-202601182336,When is the China quarterly GDP and how could it affect AUD / USD ? ,20260119T010000Z,https://editorial.fxsstatic.com/images/i/flag-china-01_Medium.jpg,fxstreet.com,English,China,when is the china quarterly gdp and how could it affect aud  usd,fxstreet.com,neutral,0.8586002588272095
https://www.fxstreet.com/news/eur-usd-steadies-near-11720-as-trader-shrugs-off-venezuela-jitters-202601052336,https://www.fxstreet.com/amp/news/eur-usd-steadies-near-11720-as-trader-shrugs-off-venezuela-jitters-202601052336,EUR / USD steadies near 1 . 1720 as trader shrugs off Venezuela jitters,20260106T001500Z,https://editorial.fxsstatic.com/images/i/eur-usd-fix-01_Medium.jpg,fxstreet.com,English,China,eur  usd steadies near 1  1720 as trader shrugs off venezuela jitters,fxstreet.com,negative,0.6178419589996338
https://www.oann.com/newsroom/federal-reserve-maintains-current-interest-rates-after-3-consecutive-cuts/,,Federal Reserve maintains current interest rates after 3 consecutive cuts,20260129T040000Z,https://www.oann.com/wp-content/uploads/2026/01/GettyImages-2258107033-e1769637430395.jpg,oann.com,English,United States,federal reserve maintains current interest rates after 3 consecutive cuts,oann.com,neutral,0.4611765742301941
https://www.fxstreet.com/news/nzd-usd-gains-ground-above-05750-despite-upbeat-us-data-202601160703,https://www.fxstreet.com/amp/news/nzd-usd-gains-ground-above-05750-despite-upbeat-us-data-202601160703,New Zealand Dollar gains ground above 0 . 5750 despite upbeat US data,20260116T073000Z,https://editorial.fxsstatic.com/images/i/NZD-bullish-object_Medium.png,fxstreet.com,English,China,new zealand dollar gains ground above 0  5750 despite upbeat us data,fxstreet.com,positive,0.8113155961036682
https://www.cnbcafrica.com/2026/trumps-war-on-the-fed-threatens-global-financial-stability-european-central-bankers-warn,,"Trump war on the Fed threatens global financial stability , European central bankers warn",20260114T144500Z,https://cdn.cnbc.africa/wp-content/uploads/2025/07/108167972-1751628546730-gettyimages-2221768520-US-WASHINGTON_DC-WHITE_HOUSE-TRUMP-SUPREME_COURT-RULING.jpeg,cnbcafrica.com,English,South Africa,trump war on the fed threatens global financial stability  european central bankers warn,cnbcafrica.com,negative,0.7461199760437012
https://www.foxbusiness.com/economy/fed-expected-pause-rate-cuts-after-3-straight-reductions-amid-uncertainty-over-jobs-inflation,https://www.foxbusiness.com/economy/fed-expected-pause-rate-cuts-after-3-straight-reductions-amid-uncertainty-over-jobs-inflation.amp,Federal Reserve likely to pause interest rate cuts at January meeting,20260128T004500Z,https://a57.foxnews.com/static.foxbusiness.com/foxbusiness.com/content/uploads/2025/09/0/0/fed-chair-jerome-powell-sept-2025-reuters.jpg?ve=1&tl=1,foxbusiness.com,English,United States,federal reserve likely to pause interest rate cuts at january meeting,foxbusiness.com,negative,0.6227970719337463
https://www.kpbs.org/news/economy/2026/01/06/attempting-to-predict-the-economy-in-2026,,Attempting to predict the economy in 2026,20260106T170000Z,http://npr-brightspot.s3.amazonaws.com/f7/fa/8b8efeef4665bbd92f7f793ded4b/gettyimages-2251892826.jpg,kpbs.org,English,United States,attempting to predict the economy in 2026,kpbs.org,neutral,0.9171306490898132
https://www.washingtonexaminer.com/policy/finance-and-economy/4409619/private-sector-hiring-drops-lowest-rate-since-2011/,,Private - sector hiring drops to lowest rate since 2011,20260107T170000Z,https://www.washingtonexaminer.com/wp-content/uploads/2026/01/AP25240787035866.jpg,washingtonexaminer.com,English,United States,private  sector hiring drops to lowest rate since 2011,washingtonexaminer.com,negative,0.970073401927948
https://economictimes.indiatimes.com/markets/us-stocks/news/a-split-decision-how-the-fed-narrowly-agreed-to-cut-rates/articleshow/126263976.cms,https://m.economictimes.com/markets/us-stocks/news/a-split-decision-how-the-fed-narrowly-agreed-to-cut-rates/amp_articleshow/126263976.cms,A split decision : How the Fed narrowly agreed to cut rates,20251231T053000Z,"https://img.etimg.com/thumb/msid-126263956,width-1200,height-630,imgsize-127048,overlay-etmarkets/articleshow.jpg",economictimes.indiatimes.com,English,India,a split decision  how the fed narrowly agreed to cut rates,economictimes.indiatimes.com,negative,0.5573253631591797
https://abc30.com/post/jobs-report-expected-show-uptick-hiring-fed-cuts-interest-rates/18376958/,,"Hiring slowed in December , defying Federal Reserve effort to boost hiring",20260109T164500Z,https://cdn.abcotvs.com/dip/images/18376978_010926-cc-ap-job-fair-img.jpg,abc30.com,English,United States,hiring slowed in december  defying federal reserve effort to boost hiring,abc30.com,negative,0.9363229274749756
https://www.fxstreet.com/news/nzd-usd-gathers-strength-to-near-05750-on-fed-independence-concerns-202601120655,https://www.fxstreet.com/amp/news/nzd-usd-gathers-strength-to-near-05750-on-fed-independence-concerns-202601120655,New Zealand Dollar gathers strength to near 0 . 5750 on Fed independence concerns,20260112T071500Z,https://editorial.fxsstatic.com/images/i/NZD-bullish-object_Medium.png,fxstreet.com,English,China,new zealand dollar gathers strength to near 0  5750 on fed independence concerns,fxstreet.com,positive,0.8451499938964844
https://www.fxstreet.com/news/eur-gbp-price-forecast-sellers-retain-control-below-key-smas-202601131516,https://www.fxstreet.com/amp/news/eur-gbp-price-forecast-sellers-retain-control-below-key-smas-202601131516,EUR / GBP Price Forecast : Sellers retain control below key SMAs,20260113T171500Z,https://editorial.fxsstatic.com/images/i/EURGBP_Neutral-1_Medium.jpg,fxstreet.com,English,China,eur  gbp price forecast  sellers retain control below key smas,fxstreet.com,neutral,0.8275808095932007
https://finance.yahoo.com/news/feds-expected-2026-rate-cuts-012247506.html,,What the Fed Expected 2026 Rate Cuts Could Mean for the Stock Market,20260126T020000Z,https://s.yimg.com/ny/api/res/1.2/PX3XnudxsxGHAtuD7RL9JA--/YXBwaWQ9aGlnaGxhbmRlcjt3PTEyMDA7aD04MDA-/https://media.zenfs.com/en/motleyfool.com/f822eea997b923a59ac64f93c1b29739,finance.yahoo.com,English,United States,what the fed expected 2026 rate cuts could mean for the stock market,finance.yahoo.com,neutral,0.7628501057624817
https://www.nzherald.co.nz/business/us-fed-holds-interest-rates-steady-defying-trump-pressure/XIRNT5OQ4ND2HE7SSFN6YNTGZI/,,"US Fed holds interest rates steady , defying Trump pressure",20260128T210000Z,https://www.nzherald.co.nz/resizer/v2/XJVIFIAWTREFHLHGTRYPMHL32M.jpg?auth=e4aa7f7d9c5882a38e90610254de7d873f25017a8d560f5e5b5f354bb609517b&quality=70&focal=2020%2C1320&smart=false,nzherald.co.nz,English,New Zealand,us fed holds interest rates steady  defying trump pressure,nzherald.co.nz,neutral,0.5081688165664673
https://www.guampdn.com/news/national/us-fed-holds-interest-rates-steady-defying-trump-pressure/article_811cad90-1272-5fbf-91db-05292b7dea49.html,,"US Fed holds interest rates steady , defying Trump pressure",20260128T220000Z,https://bloximages.newyork1.vip.townnews.com/guampdn.com/content/tncms/assets/v3/editorial/f/74/f7466b19-2d24-59b3-bd91-c4ee5e237e5f/69797165d733c.image.jpg?crop=341%2C341%2C85%2C0,guampdn.com,English,Guam,us fed holds interest rates steady  defying trump pressure,guampdn.com,neutral,0.5081688165664673
https://www.capeandislands.org/2026-01-06/attempting-to-predict-the-economy-in-2026,https://www.capeandislands.org/2026-01-06/attempting-to-predict-the-economy-in-2026?_amp=true,Attempting to predict the economy in 2026,20260106T204500Z,http://npr-brightspot.s3.amazonaws.com/f7/fa/8b8efeef4665bbd92f7f793ded4b/gettyimages-2251892826.jpg,capeandislands.org,English,United States,attempting to predict the economy in 2026,capeandislands.org,neutral,0.9171306490898132
https://economictimes.indiatimes.com/news/international/world-news/tense-fed-is-set-to-lead-global-peers-with-interest-rate-hold/articleshow/127463928.cms,https://m.economictimes.com/news/international/world-news/tense-fed-is-set-to-lead-global-peers-with-interest-rate-hold/amp_articleshow/127463928.cms,Tense Fed is set to lead global peers with interest - rate hold,20260125T093000Z,"https://img.etimg.com/thumb/msid-127464097,width-1200,height-630,imgsize-83458,overlay-economictimes/articleshow.jpg",economictimes.indiatimes.com,English,India,tense fed is set to lead global peers with interest  rate hold,economictimes.indiatimes.com,neutral,0.6347432136535645
https://wadk.com/business-news/5764a6b099c98b794b2962e6f393498d,,Business News - 1540 WADK Newport,20260129T000000Z,https://s3.amazonaws.com/syndication.abcaudio.com/files/2026-01-28/Untitled%20design%20%289%29.png,wadk.com,English,United States,business news  1540 wadk newport,wadk.com,neutral,0.9229710698127747
https://wondradio.com/abc-business/ce94e7c8f3af7b87215353636cf80e3a,,ABC Business - WOND,20260129T003000Z,https://s3.amazonaws.com/syndication.abcaudio.com/files/2026-01-28/Untitled%20design%20%289%29.png,wondradio.com,English,United States,abc business  wond,wondradio.com,neutral,0.9004489183425903
https://markets.financialcontent.com/stocks/article/marketminute-2026-1-8-sizzling-54-growth-atlanta-fed-doubles-q4-gdp-estimate-signaling-unprecedented-us-resilience,,"FinancialContent - Sizzling 5 . 4 % Growth : Atlanta Fed Doubles Q4 GDP Estimate , Signaling Unprecedented U . S . Resilience",20260109T000000Z,https://marketminute.ghost.io/content/images/size/w1200/2026/01/80b86237-3a47-41e0-82b6-93ecf80a27cd.png,markets.financialcontent.com,English,United States,financialcontent  sizzling 5  4  growth  atlanta fed doubles q4 gdp estimate  signaling unprecedented u  s  resilience,markets.financialcontent.com,positive,0.9251753091812134
https://www.sbs.com.au/news/article/behind-the-stoush-jerome-powell-alleges-intimidation-as-trump-says-hes-not-very-good/0g2cy6q33,,"Behind the stoush : Jerome Powell alleges  intimidation , as Trump says he  not very good  ",20260113T080000Z,http://sbs-au-brightspot.s3.amazonaws.com/25/ed/6e250fd34466b2dd37de1de2a633/20260113194793026868-original.jpg,sbs.com.au,English,Australia,behind the stoush  jerome powell alleges  intimidation  as trump says he  not very good,sbs.com.au,neutral,0.6007209420204163
https://www.webpronews.com/the-imfs-stark-warning-how-trade-wars-and-central-bank-independence-threaten-global-recovery/,,The IMF Stark Warning : How Trade Wars and Central Bank Independence Threaten Global Recovery,20260129T220000Z,https://www.webpronews.com/wp-content/uploads/2026/01/article-8541-1769719988.jpeg,webpronews.com,English,United States,the imf stark warning  how trade wars and central bank independence threaten global recovery,webpronews.com,negative,0.8165963888168335
https://www.rte.ie/news/business/2026/0116/1553399-fed-tussle-a-risk-ecbs-lane-warns/,https://amp.rte.ie/amp/1553399/ ,"ECB on a steady rate path , but Fed tussle a risk",20260116T103000Z,https://www.rte.ie/images/001defdb-1600.jpg,rte.ie,English,Ireland,ecb on a steady rate path  but fed tussle a risk,rte.ie,negative,0.5757379531860352
https://www.npr.org/2026/01/11/nx-s1-5674034/fed-powell-subpoena-doj-building-renovation,,Federal Reserve receives DOJ subpoena in escalating pressure campaign : NPR,20260112T023000Z,http://npr-brightspot.s3.amazonaws.com/b2/cf/414c1be24428a9f710f3ea56b6a9/gettyimages-2226032540.jpg,npr.org,English,United States,federal reserve receives doj subpoena in escalating pressure campaign  npr,npr.org,negative,0.9031738042831421
https://www.marketscreener.com/news/week-ahead-for-fx-bonds-u-s-jobs-data-in-focus-as-investors-gauge-rate-outlook-ce7e59d9dc88f32c,,"Week Ahead for FX , Bonds : U . S . Jobs Data in Focus as Investors Gauge Rate Outlook",20260102T161500Z,https://cdn.zonebourse.com/static/resize/0/0/images/reuters/2016-11-29T153414Z_1006950001_LYNXMPECAS15X_RTROPTP_2_CBUSINESS-US-USA-BANKS-FDIC.JPG,marketscreener.com,English,,week ahead for fx  bonds  u  s  jobs data in focus as investors gauge rate outlook,marketscreener.com,neutral,0.6895725727081299
https://switzer.com.au/the-experts/john-hawkins/the-worlds-chief-bankers-are-uniting-against-trump/,,The world chief bankers are uniting against Trump,20260116T030000Z,https://switzer.com.au/wp-content/uploads/powell-trump-wikimedia-commons.jpg,switzer.com.au,English,Australia,the world chief bankers are uniting against trump,switzer.com.au,neutral,0.7901554703712463
https://switzer.com.au/the-experts/luke-hartigan/how-does-the-rba-decide-interest-rates/,,How does the RBA decide interest rates ? ,20260130T000000Z,https://switzer.com.au/wp-content/uploads/michelle-bullock-rba-switzer.jpg,switzer.com.au,English,Australia,how does the rba decide interest rates,switzer.com.au,neutral,0.9342236518859863
https://www.lemonde.fr/en/economy/article/2026/01/29/fed-halts-rate-cuts-amid-dollar-plunge-and-pressure-from-trump_6749918_19.html,,Fed halts rate cuts amid dollar plunge and pressure from Trump,20260129T100000Z,https://img.lemde.fr/2026/01/28/0/0/5500/3666/1440/960/60/0/365e9d9_ftp-1-6nwwdwiicdog-2026-01-28t194316z-321339748-rc2jaja9kwxb-rtrmadp-3-usa-fed.JPG,lemonde.fr,English,France,fed halts rate cuts amid dollar plunge and pressure from trump,lemonde.fr,negative,0.9201558232307434
https://www.aol.com/articles/benefit-independent-federal-031915904.html,,We All Benefit from an Independent Federal Reserve,20260123T163000Z,https://s.yimg.com/os/en/aol_time_773/49f87f21ea8115977ff1d4b096ccb5cc,aol.com,English,United States,we all benefit from an independent federal reserve,aol.com,neutral,0.8522518873214722
https://www.upi.com/Top_News/US/2026/01/28/federal-reserve-rate/6911769630687/,https://www.upi.com/amp/Top_News/US/2026/01/28/federal-reserve-rate/6911769630687/,Federal Reserve holds steady on interest rates after 3 straight cuts,20260128T211500Z,https://cdnph.upi.com/sv/ph/og/upi/6911769630687/2026/1/ac8b6edb03524b2507db98a442389601/v1.5/Federal-Reserve-holds-steady-on-interest-rates-after-3-straight-cuts.jpg,upi.com,English,United States,federal reserve holds steady on interest rates after 3 straight cuts,upi.com,negative,0.45910677313804626
https://www.foxbusiness.com/politics/jamie-dimon-warns-federal-reserve-subpoena-not-good-idea,https://www.foxbusiness.com/politics/jamie-dimon-warns-federal-reserve-subpoena-not-good-idea.amp,JPMorgan CEO Jamie Dimon warns DOJ subpoenas threaten Fed independence,20260113T221500Z,https://a57.foxnews.com/static.foxbusiness.com/foxbusiness.com/content/uploads/2026/01/0/0/jamie-dimon-jp-morgan-chase.jpg?ve=1&tl=1,foxbusiness.com,English,United States,jpmorgan ceo jamie dimon warns doj subpoenas threaten fed independence,foxbusiness.com,negative,0.9487147331237793
https://www.fxstreet.com/news/eur-jpy-softens-to-near-18350-as-venezuela-crisis-strengthens-safe-haven-currency-202601050431,https://www.fxstreet.com/amp/news/eur-jpy-softens-to-near-18350-as-venezuela-crisis-strengthens-safe-haven-currency-202601050431,EUR / JPY softens to near 183 . 50 as Venezuela crisis strengthens safe - haven currency,20260105T054500Z,https://editorial.fxsstatic.com/images/i/EUR-bearish-object_Medium.png,fxstreet.com,English,China,eur  jpy softens to near 183  50 as venezuela crisis strengthens safe  haven currency,fxstreet.com,positive,0.7167125344276428
https://www.fxstreet.com/news/nzd-usd-strengthens-to-near-05750-on-renewed-fed-independence-concerns-202601120231,https://www.fxstreet.com/amp/news/nzd-usd-strengthens-to-near-05750-on-renewed-fed-independence-concerns-202601120231,New Zealand Dollar strengthens to near 0 . 5750 on renewed Fed independence concerns,20260112T030000Z,https://editorial.fxsstatic.com/images/i/NZD-bullish-object_Medium.png,fxstreet.com,English,China,new zealand dollar strengthens to near 0  5750 on renewed fed independence concerns,fxstreet.com,positive,0.8825404644012451
https://www.fxstreet.com/news/us-dollar-index-declines-to-near-9800-on-fed-independence-worries-rate-cut-bets-202601020425,https://www.fxstreet.com/amp/news/us-dollar-index-declines-to-near-9800-on-fed-independence-worries-rate-cut-bets-202601020425,"US Dollar Index declines on Fed independence worries , rate cut bets",20260102T044500Z,https://editorial.fxsstatic.com/images/i/USD_Bearish-Tendency-1_Medium.png,fxstreet.com,English,China,us dollar index declines on fed independence worries  rate cut bets,fxstreet.com,negative,0.8895421028137207
https://finance.yahoo.com/news/j-p-morgan-cooling-inflation-023700787.html,,J . P . Morgan : Cooling inflation sets Fed interest - rate cut bet,20260114T031500Z,https://s.yimg.com/os/en/thestreet_881/51a9b2ed24f4fc9f631e13c03c6e0f8e,finance.yahoo.com,English,United States,j  p  morgan  cooling inflation sets fed interest  rate cut bet,finance.yahoo.com,negative,0.4343295991420746
https://www.businesstimes.com.sg/companies-markets/banking-finance/us-feds-williams-says-monetary-policy-well-positioned-amid-favourable-outlook,,US Fed Williams says monetary policy well positioned amid a favourable outlook,20260113T020000Z,https://cassette.sphdigital.com.sg/image/businesstimes/1a60f3fe068d469e8ac3394e3f53adfa4a1b874732ea1b05ef2e92d1016c3b21?&f=webp,businesstimes.com.sg,English,Singapore,us fed williams says monetary policy well positioned amid a favourable outlook,businesstimes.com.sg,positive,0.8933765888214111
https://www.fxstreet.com/news/eur-usd-slips-as-trump-drops-tariff-threats-lifts-the-us-dollar-202601212309,https://www.fxstreet.com/amp/news/eur-usd-slips-as-trump-drops-tariff-threats-lifts-the-us-dollar-202601212309,"EUR / USD slips as Trump drops tariff threats , lifts the US Dollar",20260122T021500Z,https://editorial.fxsstatic.com/images/i/EURUSD-bearish-object_Medium.png,fxstreet.com,English,China,eur  usd slips as trump drops tariff threats  lifts the us dollar,fxstreet.com,negative,0.6031047105789185
https://www.fxstreet.com/news/federal-reserve-pauses-sees-economy-on-firm-footing-202601282049,https://www.fxstreet.com/amp/news/federal-reserve-pauses-sees-economy-on-firm-footing-202601282049,Fed on hold as inflation eases and growth remains resilient,20260129T001500Z,https://editorial.fxsstatic.com/images/i/Federal-Reserve-Building_3_Medium.png,fxstreet.com,English,China,fed on hold as inflation eases and growth remains resilient,fxstreet.com,negative,0.46501725912094116
https://economictimes.indiatimes.com/markets/us-stocks/news/us-fed-governor-miran-says-rates-should-fall-over-1-point-in-2026/articleshow/126377059.cms,https://m.economictimes.com/markets/us-stocks/news/us-fed-governor-miran-says-rates-should-fall-over-1-point-in-2026/amp_articleshow/126377059.cms,US Fed governor Miran says rates should fall over 1 %- point in 2026,20260106T160000Z,"https://img.etimg.com/thumb/msid-126377059,width-1200,height-630,imgsize-6626,overlay-etmarkets/articleshow.jpg",economictimes.indiatimes.com,English,India,us fed governor miran says rates should fall over 1  point in 2026,economictimes.indiatimes.com,negative,0.9606833457946777
https://www.fxstreet.com/news/nzd-usd-holds-losses-below-05800-despite-upbeat-chinese-pmi-data-202512310154,https://www.fxstreet.com/amp/news/nzd-usd-holds-losses-below-05800-despite-upbeat-chinese-pmi-data-202512310154,New Zealand Dollar holds losses below 0 . 5800 despite upbeat Chinese PMI data,20251231T021500Z,https://editorial.fxsstatic.com/images/i/NZD-bearish-object_Medium.png,fxstreet.com,English,China,new zealand dollar holds losses below 0  5800 despite upbeat chinese pmi data,fxstreet.com,negative,0.5108192563056946
https://abcnews.go.com/Business/mortgage-rates-lowest-level-2024/story?id=128844231,https://abcnews.go.com/amp/Business/mortgage-rates-lowest-level-2024/story?id=128844231,Why are mortgage rates at their lowest level since 2024 ? ,20260102T201500Z,https://i.abcnewsfe.com/a/b15365db-942a-4085-a1e9-2ed9f090b87f/home-for-sale-gty-jef-260102_1767370534541_hpMain_16x9.jpg,abcnews.go.com,English,United States,why are mortgage rates at their lowest level since 2024,abcnews.go.com,negative,0.9017908573150635
https://www.fxstreet.com/news/usd-chf-trades-firmly-near-08000-as-fed-to-keep-interest-rates-steady-this-month-202601150511,https://www.fxstreet.com/amp/news/usd-chf-trades-firmly-near-08000-as-fed-to-keep-interest-rates-steady-this-month-202601150511,USD / CHF trades firmly near 0 . 8000 as Fed to keep interest rates steady this month,20260115T070000Z,https://editorial.fxsstatic.com/images/i/USDCHF-neutral-object_Medium.png,fxstreet.com,English,China,usd  chf trades firmly near 0  8000 as fed to keep interest rates steady this month,fxstreet.com,positive,0.664398193359375
https://finance.yahoo.com/news/stock-market-investors-just-got-083200944.html,,Stock Market Investors Just Got Alarming News on President Trump Fight With Fed Chair Jerome Powell,20260114T091500Z,https://s.yimg.com/ny/api/res/1.2/PS_5jr97L0xcs8bYd9UkiQ--/YXBwaWQ9aGlnaGxhbmRlcjt3PTEyMDA7aD04MDA-/https://media.zenfs.com/en/motleyfool.com/38624f06cc3a66c87d64326fe3d0bad6,finance.yahoo.com,English,United States,stock market investors just got alarming news on president trump fight with fed chair jerome powell,finance.yahoo.com,negative,0.7557651996612549
http://www.bgnes.com/politics/trump-insists-that-federal-reserve-cut-interest-rates-sharply-immediately,,Trump insists that Federal Reserve cut interest rates sharply  immediately  ,20260129T151500Z,https://www.bgnes.com/static/images/news/2026/01/29/16680/15377.webp,bgnes.com,English,Bulgaria,trump insists that federal reserve cut interest rates sharply  immediately,bgnes.com,negative,0.8144614696502686
https://www.hellenicshippingnews.com/ecb-has-no-room-for-complacency-as-attack-on-fed-raises-risks-kazaks-says/,,"ECB has no room for complacency as attack on Fed raises risks , Kazaks says | Hellenic Shipping News Worldwide",20260115T224500Z,,hellenicshippingnews.com,English,China,ecb has no room for complacency as attack on fed raises risks  kazaks says  hellenic shipping news worldwide,hellenicshippingnews.com,neutral,0.6360617876052856
https://www.nakedcapitalism.com/2026/01/satyajit-das-president-trumps-spat-with-the-federal-reserve-is-not-about-central-bank-independence.html,,Satyajit Das : President Trump Spat With the Federal Reserve Is Not About Central Bank Independence,20260121T144500Z,,nakedcapitalism.com,English,United States,satyajit das  president trump spat with the federal reserve is not about central bank independence,nakedcapitalism.com,neutral,0.8982633352279663
https://www.npr.org/sections/planet-money/2026/01/06/g-s1-104281/attempting-to-predict-the-economy-in-2026,,Attempting to predict the economy in 2026,20260106T160000Z,http://npr-brightspot.s3.amazonaws.com/f7/fa/8b8efeef4665bbd92f7f793ded4b/gettyimages-2251892826.jpg,npr.org,English,United States,attempting to predict the economy in 2026,npr.org,neutral,0.9171306490898132
https://www.fxstreet.com/news/gbp-usd-holds-steady-around-13475-as-traders-seem-hesitant-ahead-of-us-cpi-report-202601130129,https://www.fxstreet.com/amp/news/gbp-usd-holds-steady-around-13475-as-traders-seem-hesitant-ahead-of-us-cpi-report-202601130129,"GBP / USD holds steady near 1 . 3475 amid Fed concerns , US CPI in focus",20260113T023000Z,https://editorial.fxsstatic.com/images/i/GBPUSD-bullish-object_Medium.png,fxstreet.com,English,China,gbp  usd holds steady near 1  3475 amid fed concerns  us cpi in focus,fxstreet.com,negative,0.5667697191238403
https://www.investopedia.com/articles/investing/022415/how-unconventional-monetary-policy-works.asp,,Understanding Unconventional Monetary Policy : A Guide to Quantitative Easing,20260110T110000Z,https://www.investopedia.com/thmb/PEXsQ_l2Ba1fEuRbWcMlYT_EuOc=/1500x0/filters:no_upscale():max_bytes(150000):strip_icc()/federal-reserve-building-144366870-9b8bc08634d148eb8ae3a5283618e098.jpg,investopedia.com,English,United States,understanding unconventional monetary policy  a guide to quantitative easing,investopedia.com,neutral,0.8791437745094299
https://www.thestar.com.my/business/insight/2026/01/29/ecb-says-uncertainty-may-rise,,ECB says uncertainty may rise,20260129T004500Z,https://apicms.thestar.com.my/uploads/images/2026/01/29/3743546.jpeg,thestar.com.my,English,Malaysia,ecb says uncertainty may rise,thestar.com.my,negative,0.694931149482727
https://finance.yahoo.com/news/bank-america-resets-jobs-forecast-150300211.html,,Bank of America resets jobs forecast before unemployment report,20260106T153000Z,https://media.zenfs.com/en/thestreet_881/2b0471da1cce41083ed70bfbdcaa1e3b,finance.yahoo.com,English,United States,bank of america resets jobs forecast before unemployment report,finance.yahoo.com,negative,0.7576834559440613
https://finance.yahoo.com/news/neutral-rate-interest-fed-theoretical-035233276.html,,What is the neutral rate of interest ? The Fed theoretical rate benchmark,20260129T043000Z,https://s.yimg.com/os/en/thestreet_881/e2ae36c9d72e56a2e0393d3a3ed4df4b,finance.yahoo.com,English,United States,what is the neutral rate of interest  the fed theoretical rate benchmark,finance.yahoo.com,neutral,0.9202786087989807
https://wondradio.com/abc-business/e61d71030a98016a3cf4e5c295e36193,,ABC Business - WOND,20260109T191500Z,https://s3.amazonaws.com/syndication.abcaudio.com/files/2026-01-09/Getty_JeromePowell_010926.jpg,wondradio.com,English,United States,abc business  wond,wondradio.com,neutral,0.9004489183425903
https://www.yoursourceone.com/business/hiring-slowed-in-december-defying-federal-reserves-effort-to-boost-hiring/article_74e1626a-0154-513d-bc78-f8b161c272aa.html,,"Hiring slowed in December , defying Federal Reserve effort to boost hiring",20260109T191500Z,https://bloximages.newyork1.vip.townnews.com/yoursourceone.com/content/tncms/custom/image/de6dde28-cd86-11ed-923a-ffe7dd765725.png,yoursourceone.com,English,,hiring slowed in december  defying federal reserve effort to boost hiring,yoursourceone.com,negative,0.9363229274749756
https://edition.cnn.com/2026/01/21/economy/fed-lisa-cook-supreme-court,,The Fed is headed to court today . Its independence is at stake,20260121T071500Z,"https://media.cnn.com/api/v1/images/stellar/prod/gettyimages-2250243017-20260113173425279.jpg?c=16x9&q=w_800,c_fill",edition.cnn.com,English,United States,the fed is headed to court today  its independence is at stake,edition.cnn.com,neutral,0.8516261577606201
https://www.cnn.com/2026/01/21/economy/fed-lisa-cook-supreme-court,,The Fed is headed to court today . Its independence is at stake,20260121T061500Z,"https://media.cnn.com/api/v1/images/stellar/prod/gettyimages-2250243017-20260113173425279.jpg?c=16x9&q=w_800,c_fill",cnn.com,English,United States,the fed is headed to court today  its independence is at stake,cnn.com,neutral,0.8516261577606201
https://www.investopedia.com/will-the-fed-cut-interest-rates-in-2026-11885407,,"Will the Fed Cut Interest Rates in 2026 ? Dont Get Your Hopes Up , Some Experts Say",20260115T174500Z,https://www.investopedia.com/thmb/HksLanFsYVvA438h5Ln6bi_5SK4=/1500x0/filters:no_upscale():max_bytes(150000):strip_icc()/GettyImages-2250480356-e8a4a48ac99c4db29c2708ad0cbae37e.jpg,investopedia.com,English,United States,will the fed cut interest rates in 2026  dont get your hopes up  some experts say,investopedia.com,neutral,0.6550735831260681
https://www.bnnbloomberg.ca/business/economics/2026/01/28/inflation-worries-and-a-hint-at-a-rate-cut-economists-react-to-boc-rate-hold/,,BoC interest rate : ,20260129T004500Z,https://www.bnnbloomberg.ca/resizer/v2/NE3RBDWRNKWIWJM7GCFMIKTUNU.jpg?smart=true&auth=560b6df64dcd76631d4f9b67d2a5a495951146d016b5cf179168c9c3da12511b,bnnbloomberg.ca,English,Canada,boc interest rate,bnnbloomberg.ca,neutral,0.9266942739486694
https://www.thehindubusinessline.com/economy/indian-economy-trapped-between-goldilocks-and-gridlock-shrinking-fiscal-space-report/article70473430.ece,https://www.thehindubusinessline.com/economy/indian-economy-trapped-between-goldilocks-and-gridlock-shrinking-fiscal-space-report/article70473430.ece/amp/,"Indian economy trapped between Goldilocks and Gridlock , shrinking fiscal space : Report",20260105T104500Z,https://bl-i.thgim.com/public/incoming/2rgewc/article70473443.ece/alternates/LANDSCAPE_1200/Economicgrowth.jpg,thehindubusinessline.com,English,India,indian economy trapped between goldilocks and gridlock  shrinking fiscal space  report,thehindubusinessline.com,negative,0.9490389823913574
https://news.webindia123.com/news/Articles/Business/20260105/4401318.html,,"Indian economy trapped between Goldilocks and Gridlock , shrinking fiscal space : Report",20260105T093000Z,,news.webindia123.com,English,India,indian economy trapped between goldilocks and gridlock  shrinking fiscal space  report,news.webindia123.com,negative,0.9490389823913574
https://www.bankrate.com/banking/federal-reserve/will-the-fed-cut-rates-in-2026/,,How Many Rate Cuts In 2026 ? Mounting Pressure Puts the Fed at a Crossroads,20260126T201500Z,https://www.bankrate.com/brp/2026/01/26095415/preview-of-the-fed-in-2026-1.png,bankrate.com,English,United States,how many rate cuts in 2026  mounting pressure puts the fed at a crossroads,bankrate.com,negative,0.7248977422714233
https://www.carolinajournal.com/opinion/ncs-economic-engine-is-humming-despite-vibecession/,,NC economic engine is humming despite  vibecession  ,20260112T220000Z,https://www.carolinajournal.com/wp-content/uploads/2026/01/46417970004_68eedd38fc_k.jpeg,carolinajournal.com,English,United States,nc economic engine is humming despite  vibecession,carolinajournal.com,positive,0.722567081451416
https://aninews.in/news/business/indian-economy-trapped-between-goldilocks-and-gridlock-shrinking-fiscal-space-report20260105134706/,/news/business/indian-economy-trapped-between-goldilocks-and-gridlock-shrinking-fiscal-space-report20260105134706?amp=1,"Indian economy trapped between Goldilocks and Gridlock , shrinking fiscal space : Report",20260105T091500Z,https://d3lzcn6mbbadaf.cloudfront.net/media/details/ANI-20260105075656.jpg,aninews.in,English,India,indian economy trapped between goldilocks and gridlock  shrinking fiscal space  report,aninews.in,negative,0.9490389823913574
https://www.fxstreet.com/news/aud-usd-holds-early-gains-near-06920-amid-weakness-in-us-dollar-202601260938,https://www.fxstreet.com/amp/news/aud-usd-holds-early-gains-near-06920-amid-weakness-in-us-dollar-202601260938,AUD / USD holds early gains near 0 . 6920 amid weakness in US Dollar,20260126T103000Z,https://editorial.fxsstatic.com/images/i/AUDUSD_Medium.png,fxstreet.com,English,China,aud  usd holds early gains near 0  6920 amid weakness in us dollar,fxstreet.com,positive,0.5969437956809998
https://www.freemalaysiatoday.com/category/business/2026/01/29/us-fed-holds-interest-rates-steady-defying-trump-pressure,,"US Fed holds interest rates steady , defying Trump pressure",20260129T021500Z,"https://www.freemalaysiatoday.com/cdn-cgi/image/quality=75,format=auto,fit=cover,dpr=1,width=1200,height=630,gravity=center/https://media.freemalaysiatoday.com/wp-content/uploads/2025/01/80ab4919-us-federal-reserve-chairman-jerome-powell-29012025.webp",freemalaysiatoday.com,English,Malaysia,us fed holds interest rates steady  defying trump pressure,freemalaysiatoday.com,neutral,0.5081688165664673
https://www.fxstreet.com/news/eur-usd-drifts-further-away-from-highs-amid-thin-year-end-trading-202512310814,https://www.fxstreet.com/amp/news/eur-usd-drifts-further-away-from-highs-amid-thin-year-end-trading-202512310814,EUR / USD depreciates further as US Dollar firms up in year - end trading,20251231T120000Z,https://editorial.fxsstatic.com/images/i/eur-usd-fix-01_Medium.jpg,fxstreet.com,English,China,eur  usd depreciates further as us dollar firms up in year  end trading,fxstreet.com,positive,0.5996476411819458
https://www.fool.com/investing/2026/01/25/feds-expected-2026-rate-cuts-mean-stock-market/?source=iedfolrf0000001,,What the Fed Expected 2026 Rate Cuts Could Mean for the Stock Market,20260126T020000Z,,fool.com,English,United States,what the fed expected 2026 rate cuts could mean for the stock market,fool.com,neutral,0.7628501057624817
https://www.fool.com/investing/2026/01/25/feds-expected-2026-rate-cuts-mean-stock-market/,,What the Fed Expected 2026 Rate Cuts Could Mean for the Stock Market,20260126T040000Z,,fool.com,English,United States,what the fed expected 2026 rate cuts could mean for the stock market,fool.com,neutral,0.7628501057624817
https://www.fxstreet.com/news/nzd-usd-weakens-to-near-05750-as-traders-await-us-jobs-report-202601080254,https://www.fxstreet.com/amp/news/nzd-usd-weakens-to-near-05750-as-traders-await-us-jobs-report-202601080254,New Zealand Dollar weakens to near 0 . 5750 as traders await US jobs report,20260108T041500Z,https://editorial.fxsstatic.com/images/i/NZD-bearish-object_Medium.png,fxstreet.com,English,China,new zealand dollar weakens to near 0  5750 as traders await us jobs report,fxstreet.com,negative,0.954779863357544
https://www.dailysabah.com/business/economy/risky-inflation-fight-looks-rewarded-as-turkiye-braces-for-2026-test,https://www.dailysabah.com/business/economy/risky-inflation-fight-looks-rewarded-as-turkiye-braces-for-2026-test/amp,Risky inflation fight looks rewarded as Türkiye braces for 2026 test,20251231T123000Z,https://idsb.tmgrup.com.tr/ly/uploads/images/2025/12/31/thumbs/1200x675/419305.jpg,dailysabah.com,English,Turkey,risky inflation fight looks rewarded as türkiye braces for 2026 test,dailysabah.com,positive,0.9232965707778931
https://www.aljazeera.com/economy/2026/1/28/us-federal-reserve-holds-interest-rates-steady-despite-political-pressure,https://www.aljazeera.com/amp/economy/2026/1/28/us-federal-reserve-holds-interest-rates-steady-despite-political-pressure,US Federal Reserve holds interest rates steady despite political pressure,20260128T211500Z,https://www.aljazeera.com/wp-content/uploads/2026/01/2026-01-13T144147Z_2075403647_RC2C0JA6N16M_RTRMADP_3_USA-TRUMP-FED-POWELL-1769627465.jpg,aljazeera.com,English,United States,us federal reserve holds interest rates steady despite political pressure,aljazeera.com,positive,0.5467029809951782
https://www.fxstreet.com/news/gold-eases-from-record-high-bullish-bias-intact-amid-geopolitical-risks-fed-concerns-202601120511,https://www.fxstreet.com/amp/news/gold-eases-from-record-high-bullish-bias-intact-amid-geopolitical-risks-fed-concerns-202601120511,"Gold holds bullish tone near record high on geopolitics , Fed worries",20260112T071500Z,https://editorial.fxsstatic.com/images/i/gold-march-05_Medium.jpg,fxstreet.com,English,China,gold holds bullish tone near record high on geopolitics  fed worries,fxstreet.com,positive,0.5902966856956482
https://www.zerohedge.com/markets/ignoring-geopolitical-risk,,Ignoring Geopolitical Risk ? ,20260127T021500Z,https://assets.zerohedge.com/s3fs-public/styles/16_9_max_700/public/2026-01/Captura-de-pantalla-2026-01-25-a.jpg?itok=VPGM0BUf,zerohedge.com,English,United States,ignoring geopolitical risk,zerohedge.com,neutral,0.9259606599807739
https://www.fxstreet.com/news/nzd-usd-edges-higher-to-near-05800-as-us-manufacturing-data-disappoints-202601060316,https://www.fxstreet.com/amp/news/nzd-usd-edges-higher-to-near-05800-as-us-manufacturing-data-disappoints-202601060316,New Zealand Dollar edges higher as US manufacturing data disappoints,20260106T043000Z,https://editorial.fxsstatic.com/images/i/NZD-bullish-object_Medium.png,fxstreet.com,English,China,new zealand dollar edges higher as us manufacturing data disappoints,fxstreet.com,positive,0.8444516658782959
https://www.fxstreet.com/news/eur-usd-holds-losses-as-trump-softens-its-tone-against-europe-202601220902,https://www.fxstreet.com/amp/news/eur-usd-holds-losses-as-trump-softens-its-tone-against-europe-202601220902,"EUR / USD pares losses as the focus shifts to US PCE inflation , GDP data",20260122T120000Z,https://editorial.fxsstatic.com/images/i/eur-usd-fix-01_Medium.jpg,fxstreet.com,English,China,eur  usd pares losses as the focus shifts to us pce inflation  gdp data,fxstreet.com,negative,0.9441421627998352
https://www.fxstreet.com/news/eur-gbp-softens-below-08750-after-uk-cpi-inflation-data-202601210715,https://www.fxstreet.com/amp/news/eur-gbp-softens-below-08750-after-uk-cpi-inflation-data-202601210715,EUR / GBP softens below 0 . 8750 after united kingdom CPI inflation data,20260121T074500Z,https://editorial.fxsstatic.com/images/i/EUR-bearish-object_Medium.png,fxstreet.com,English,China,eur  gbp softens below 0  8750 after united kingdom cpi inflation data,fxstreet.com,negative,0.7658393979072571
https://economictimes.indiatimes.com/news/international/world-news/feds-williams-says-monetary-policy-well-positioned-amid-a-favorable-outlook/articleshow/126495212.cms,https://m.economictimes.com/news/international/world-news/feds-williams-says-monetary-policy-well-positioned-amid-a-favorable-outlook/amp_articleshow/126495212.cms,Fed Williams says monetary policy well positioned amid a favorable outlook,20260113T033000Z,"https://img.etimg.com/thumb/msid-126495217,width-1200,height-630,imgsize-113828,overlay-economictimes/articleshow.jpg",economictimes.indiatimes.com,English,India,fed williams says monetary policy well positioned amid a favorable outlook,economictimes.indiatimes.com,positive,0.8911731243133545
https://finance.yahoo.com/news/many-rate-cuts-2026-mounting-170432857.html,,How many rate cuts in 2026 ? These mounting pressures will put the Fed at a crossroads this year,20260126T174500Z,https://s.yimg.com/ny/api/res/1.2/TJc_dHdbpqnmvb1Rus3.jQ--/YXBwaWQ9aGlnaGxhbmRlcjt3PTEyMDA7aD02NzU-/https://media.zenfs.com/en/bankrate_626/244bfbbe9e5107db7a35fcdcd2189434,finance.yahoo.com,English,United States,how many rate cuts in 2026  these mounting pressures will put the fed at a crossroads this year,finance.yahoo.com,negative,0.8022740483283997
https://finance.yahoo.com/news/many-rate-cuts-2026-mounting-170432503.html,,How many rate cuts in 2026 ? These mounting pressures will put the Fed at a crossroads this year,20260126T181500Z,https://s.yimg.com/ny/api/res/1.2/TJc_dHdbpqnmvb1Rus3.jQ--/YXBwaWQ9aGlnaGxhbmRlcjt3PTEyMDA7aD02NzU-/https://media.zenfs.com/en/bankrate_626/244bfbbe9e5107db7a35fcdcd2189434,finance.yahoo.com,English,United States,how many rate cuts in 2026  these mounting pressures will put the fed at a crossroads this year,finance.yahoo.com,negative,0.8022740483283997
https://www.kinston.com/opinion/columns/you-decide-which-kevin-will-win/article_806b33c1-6804-5e29-afc0-8fd4bd84f0a2.html,,You Decide : Which Kevin will win ? ,20260101T080000Z,https://bloximages.chicago2.vip.townnews.com/kinston.com/content/tncms/custom/image/a3fd535e-914a-11ed-8535-0fc7750a2d22.png,kinston.com,English,United States,you decide  which kevin will win,kinston.com,neutral,0.9443801641464233
https://www.dw.com/en/us-fed-keeps-rates-unchanged-despite-trump-pressure/a-75703637,https://amp.dw.com/en/us-fed-keeps-rates-unchanged-despite-trump-pressure/a-75703637,US Fed keeps rates unchanged despite Trump pressure,20260128T194500Z,https://static.dw.com/image/60539306_6.jpg,dw.com,English,Germany,us fed keeps rates unchanged despite trump pressure,dw.com,neutral,0.7610142230987549
https://www.fxstreet.com/news/gold-slides-below-4-600-as-profit-taking-grows-fed-cut-doubts-rise-202601161925,https://www.fxstreet.com/amp/news/gold-slides-below-4-600-as-profit-taking-grows-fed-cut-doubts-rise-202601161925,"Gold slides below $4 , 600 as profit - taking grows , Fed cut doubts rise",20260119T010000Z,https://editorial.fxsstatic.com/images/i/gold-02_Medium.jpg,fxstreet.com,English,China,gold slides below 4  600 as profit  taking grows  fed cut doubts rise,fxstreet.com,negative,0.7338165044784546
https://www.fxstreet.com/news/usd-chf-seems-fragile-near-07900-as-us-dollar-underperforms-202601230523,https://www.fxstreet.com/amp/news/usd-chf-seems-fragile-near-07900-as-us-dollar-underperforms-202601230523,USD / CHF seems fragile near 0 . 7900 as US Dollar underperforms,20260123T070000Z,https://editorial.fxsstatic.com/images/i/USDCHF-neutral-object-1_Medium.png,fxstreet.com,English,China,usd  chf seems fragile near 0  7900 as us dollar underperforms,fxstreet.com,negative,0.8315442204475403
https://www.bankingnews.gr/diethni/articles/853051/fed-holds-interest-rates-steady-for-the-first-time-since-july-as-economy-improves,,Fed holds interest rates steady for the first time since July as economy improves,20260128T223000Z,https://www.bankingnews.gr/media/k2/items/cache/e0552455017572517090cc0695cf6ed0_XL.jpg,bankingnews.gr,English,Greece,fed holds interest rates steady for the first time since july as economy improves,bankingnews.gr,neutral,0.5766037106513977
https://economictimes.indiatimes.com/markets/us-stocks/news/fed-likely-to-pause-rate-cuts-as-inflation-risks-and-political-pressure-loom/articleshow/127677449.cms,https://m.economictimes.com/markets/us-stocks/news/fed-likely-to-pause-rate-cuts-as-inflation-risks-and-political-pressure-loom/amp_articleshow/127677449.cms,Fed likely to pause rate cuts as inflation risks and political pressure loom,20260128T054500Z,"https://img.etimg.com/thumb/msid-127677398,width-1200,height-630,imgsize-298178,overlay-etmarkets/articleshow.jpg",economictimes.indiatimes.com,English,India,fed likely to pause rate cuts as inflation risks and political pressure loom,economictimes.indiatimes.com,negative,0.8273347616195679
https://www.fool.com/investing/2026/01/05/when-federal-reserve-cut-interest-rates-2026-stock/,,"Here When the Federal Reserve Is Expected to Cut Interest Rates in 2026 , and What It Means for the Stock Market",20260107T094500Z,https://g.foolcdn.com/editorial/images/849278/golden-bull-and-bear-figurines-standing-on-top-of-a-newspaper.jpg,fool.com,English,United States,here when the federal reserve is expected to cut interest rates in 2026  and what it means for the stock market,fool.com,neutral,0.6872400045394897
https://insurancenewsnet.com/oarticle/judiciary-democrats-demand-chairman-jordan-probe-the-sham-investigation-into-federal-reserve-chair-powell,,JUDICIARY DEMOCRATS DEMAND CHAIRMAN JORDAN PROBE THE SHAM INVESTIGATION INTO FEDERAL RESERVE CHAIR POWELL,20260116T110000Z,https://insurancenewsnet.com/wp-content/themes/inn-2-child/img/inn-social-default.jpg,insurancenewsnet.com,English,United States,judiciary democrats demand chairman jordan probe the sham investigation into federal reserve chair powell,insurancenewsnet.com,neutral,0.63514643907547
https://www.dailysabah.com/business/economy/imfs-georgieva-backs-powell-says-central-bank-independence-critical,https://www.dailysabah.com/business/economy/imfs-georgieva-backs-powell-says-central-bank-independence-critical/amp,"IMF Georgieva backs Powell , says central bank independence critical",20260115T211500Z,https://idsb.tmgrup.com.tr/ly/uploads/images/2026/01/15/thumbs/1200x675/421965.jpg,dailysabah.com,English,Turkey,imf georgieva backs powell  says central bank independence critical,dailysabah.com,neutral,0.5719560384750366
https://www.wtae.com/article/federal-reserve-chair-doj-subpoenaed-central-bank/69969476,,Federal Reserve Chair Powell says DOJ has subpoenaed central bank,20260112T024500Z,"https://kubrick.htvapps.com/htv-prod-media.s3.amazonaws.com/images/trumpandpowell-69644863ecc1c.jpg?crop=1.00xw:0.847xh;0,0",wtae.com,English,United States,federal reserve chair powell says doj has subpoenaed central bank,wtae.com,negative,0.8053256869316101
https://www.wbaltv.com/article/federal-reserve-chair-doj-subpoenaed-central-bank/69969476,,Federal Reserve Chair Powell says DOJ has subpoenaed central bank,20260112T024500Z,"https://kubrick.htvapps.com/htv-prod-media.s3.amazonaws.com/images/trumpandpowell-69644863ecc1c.jpg?crop=1.00xw:0.847xh;0,0",wbaltv.com,English,United States,federal reserve chair powell says doj has subpoenaed central bank,wbaltv.com,negative,0.8053256869316101
https://www.sentinelandenterprise.com/2026/01/12/why-the-federal-reserve-is-independent/,,Why the Federal Reserve has historically been independent of politics,20260112T180000Z,https://www.sentinelandenterprise.com/wp-content/uploads/2026/01/Trump_Federal_Reserve_Chair_39895-1.jpg,sentinelandenterprise.com,English,United States,why the federal reserve has historically been independent of politics,sentinelandenterprise.com,neutral,0.9213318824768066
https://www.pottsmerc.com/2026/01/12/why-the-federal-reserve-is-independent/,,Why the Federal Reserve has historically been independent of politics,20260112T190000Z,https://www.pottsmerc.com/wp-content/uploads/2026/01/Trump_Federal_Reserve_Chair_39895-1.jpg,pottsmerc.com,English,United States,why the federal reserve has historically been independent of politics,pottsmerc.com,neutral,0.9213318824768066
https://www.advocate-news.com/2026/01/12/why-the-federal-reserve-is-independent/,,Why the Federal Reserve has historically been independent of politics,20260112T183000Z,https://www.advocate-news.com/wp-content/uploads/2026/01/Trump_Federal_Reserve_Chair_39895-1.jpg,advocate-news.com,English,United States,why the federal reserve has historically been independent of politics,advocate-news.com,neutral,0.9213318824768066
https://www.fortmorgantimes.com/2026/01/12/why-the-federal-reserve-is-independent/,,Why the Federal Reserve has historically been independent of politics,20260112T190000Z,https://www.fortmorgantimes.com/wp-content/uploads/2026/01/Trump_Federal_Reserve_Chair_39895-1.jpg,fortmorgantimes.com,English,United States,why the federal reserve has historically been independent of politics,fortmorgantimes.com,neutral,0.9213318824768066
https://mymotherlode.com/news/national/10394836/why-the-federal-reserve-has-historically-been-independent-of-the-white-house.html,https://mymotherlode.com/news/national/10394836/why-the-federal-reserve-has-historically-been-independent-of-the-white-house.html/amp,Why the Federal Reserve has historically been independent of the White House,20260112T174500Z,https://mymotherlode.com/wp-content/uploads/2026/01/AP_6b52075f54d54b0da26fc1ffb770791b_5f02b25449.jpg,mymotherlode.com,English,United States,why the federal reserve has historically been independent of the white house,mymotherlode.com,neutral,0.9216238260269165
https://insurancenewsnet.com/oarticle/doj-criminal-probe-highlights-risk-of-fed-losing-independence-a-central-bank-scholar-explains-whats-at-stake,,DOJ criminal probe highlights risk of Fed losing independence – a central bank scholar explains what at stake - Insurance News,20260113T063000Z,https://insurancenewsnet.com/wp-content/themes/inn-2-child/img/inn-social-default.jpg,insurancenewsnet.com,English,United States,doj criminal probe highlights risk of fed losing independence  a central bank scholar explains what at stake  insurance news,insurancenewsnet.com,neutral,0.7755841612815857
https://www.ideastream.org/npr-news/2026-01-28/fed-holds-interest-rates-steady-taking-a-pause-from-rate-cuts-to-assess-the-economy,,"Fed holds interest rates steady , taking a pause from rate cuts to assess the economy",20260128T231500Z,http://npr-brightspot.s3.amazonaws.com/d5/a8/b563ed3543298589388cb58768ab/gettyimages-2251234549.jpg,ideastream.org,English,United States,fed holds interest rates steady  taking a pause from rate cuts to assess the economy,ideastream.org,neutral,0.8132196068763733
https://www.kcra.com/article/federal-reserve-chair-doj-subpoenaed-central-bank/69969476,,Federal Reserve Chair Powell says DOJ has subpoenaed central bank,20260112T020000Z,"https://kubrick.htvapps.com/htv-prod-media.s3.amazonaws.com/images/trumpandpowell-69644863ecc1c.jpg?crop=1.00xw:0.847xh;0,0",kcra.com,English,United States,federal reserve chair powell says doj has subpoenaed central bank,kcra.com,negative,0.8053256869316101
https://www.wgal.com/article/federal-reserve-chair-doj-subpoenaed-central-bank/69969476,,Federal Reserve Chair Powell says DOJ has subpoenaed central bank,20260112T024500Z,"https://kubrick.htvapps.com/htv-prod-media.s3.amazonaws.com/images/trumpandpowell-69644863ecc1c.jpg?crop=1.00xw:0.847xh;0,0",wgal.com,English,United States,federal reserve chair powell says doj has subpoenaed central bank,wgal.com,negative,0.8053256869316101
https://www.marketscreener.com/news/euro-zone-inflation-dips-growth-holds-up-backing-ecb-s-sanguine-narrative-ce7e59dfdb81f42d,,"Euro zone inflation dips , growth holds up , backing ECB sanguine narrative",20260106T141500Z,https://cdn.zonebourse.com/static/resize/0/0/images/reuters/2025-11/2025-11-07T100834Z_2_LYNXMPELA60EU_RTROPTP_4_ECB-POLICY.JPG,marketscreener.com,English,,euro zone inflation dips  growth holds up  backing ecb sanguine narrative,marketscreener.com,positive,0.7414793372154236
https://www.statesman.com/business/columnists/tomlinson/article/texas-2026-economy-unemployment-inflation-21262865.php,,Economic uncertainty is coming in 2026 . Here what to expect . ,20260101T113000Z,https://s.hdnux.com/photos/01/55/27/33/28669671/3/rawImage.jpg,statesman.com,English,United States,economic uncertainty is coming in 2026  here what to expect,statesman.com,neutral,0.8712958097457886
https://www.stabroeknews.com/2026/01/14/news/world/global-central-bank-chiefs-defend-feds-powell-after-trump-threat-2/,,Global central bank chiefs defend Fed Powell after Trump threat,20260114T064500Z,https://www.stabroeknews.com/images/2026/01/Jerome-Powell-copy.jpg,stabroeknews.com,English,Guyana,global central bank chiefs defend fed powell after trump threat,stabroeknews.com,negative,0.5191499590873718
https://www.wlwt.com/article/federal-reserve-chair-doj-subpoenaed-central-bank/69969476,,Federal Reserve Chair Powell says DOJ has subpoenaed central bank,20260112T013000Z,"https://kubrick.htvapps.com/htv-prod-media.s3.amazonaws.com/images/trumpandpowell-69644863ecc1c.jpg?crop=1.00xw:0.847xh;0,0",wlwt.com,English,United States,federal reserve chair powell says doj has subpoenaed central bank,wlwt.com,negative,0.8053256869316101
https://economictimes.indiatimes.com/news/international/world-news/us-fed-set-to-pause-rate-cuts-as-it-defies-trump-pressure/articleshow/127668666.cms,https://m.economictimes.com/news/international/world-news/us-fed-set-to-pause-rate-cuts-as-it-defies-trump-pressure/amp_articleshow/127668666.cms,US Fed set to pause rate cuts as it defies Trump pressure,20260128T023000Z,"https://img.etimg.com/thumb/msid-127668854,width-1200,height-630,imgsize-30576,overlay-economictimes/articleshow.jpg",economictimes.indiatimes.com,English,India,us fed set to pause rate cuts as it defies trump pressure,economictimes.indiatimes.com,neutral,0.5213987827301025
https://www.bnnbloomberg.ca/business/2026/01/13/global-central-bankers-defend-feds-powell-after-trump-threat/,,Global central bankers defend Fed Powell,20260113T154500Z,https://www.bnnbloomberg.ca/resizer/v2/2FGHRN5CRRI7ORLUD3BZ5OMK6E.jpg?smart=true&auth=deea7a45b80bbfa46a4bc866c86fa0d1abd975ccfa9cc8d37fec910c3b2c8422,bnnbloomberg.ca,English,Canada,global central bankers defend fed powell,bnnbloomberg.ca,neutral,0.5069324374198914
https://finance.yahoo.com/news/terry-savage-golds-runup-warning-175500662.html,,Terry Savage : What gold runup is warning us about,20260129T000000Z,https://s.yimg.com/ny/api/res/1.2/DpCtroFehF5jFneYjHsfDw--/YXBwaWQ9aGlnaGxhbmRlcjt3PTEyMDA7aD04MDA-/https://media.zenfs.com/en/terry_savage_articles_141/fbefe9df3f18584fb1bf28ce99273d0a,finance.yahoo.com,English,United States,terry savage  what gold runup is warning us about,finance.yahoo.com,neutral,0.8835445642471313
https://www.lewrockwell.com/2026/01/ryan-mcmaken/trumps-justice-dept-launches-criminal-probe-against-the-feds-powell/,,Trump Justice Dept . Launches Criminal Probe against the Fed Powell,20260114T063000Z,https://www.lewrockwell.com/wp-content/uploads/2026/01/target-rate_1-620x343.png,lewrockwell.com,English,United States,trump justice dept  launches criminal probe against the fed powell,lewrockwell.com,negative,0.7221560478210449
https://www.freemalaysiatoday.com/category/business/2026/01/28/us-fed-set-to-pause-rate-cuts-as-it-defies-trump-pressure,,US Fed set to pause rate cuts as it defies Trump pressure,20260128T030000Z,"https://www.freemalaysiatoday.com/cdn-cgi/image/quality=80,format=auto,fit=cover,dpr=1,width=1200,height=630,gravity=center/https://media.freemalaysiatoday.com/wp-content/uploads/2025/05/06cc1de2-us-federal-reserve.jpg",freemalaysiatoday.com,English,Malaysia,us fed set to pause rate cuts as it defies trump pressure,freemalaysiatoday.com,neutral,0.5213987827301025
https://www.kalw.org/npr-news/2026-01-28/fed-holds-interest-rates-steady-taking-a-pause-from-rate-cuts-to-assess-the-economy,,"Fed holds interest rates steady , taking a pause from rate cuts to assess the economy",20260128T210000Z,http://npr-brightspot.s3.amazonaws.com/d5/a8/b563ed3543298589388cb58768ab/gettyimages-2251234549.jpg,kalw.org,English,United States,fed holds interest rates steady  taking a pause from rate cuts to assess the economy,kalw.org,neutral,0.8132196068763733
https://economictimes.indiatimes.com/news/international/us/term-of-the-day-stagflationary-spiral-meaning-and-economic-conditions-that-lead-to-it/articleshow/127322411.cms,https://m.economictimes.com/news/international/us/term-of-the-day-stagflationary-spiral-meaning-and-economic-conditions-that-lead-to-it/amp_articleshow/127322411.cms,What does  stagflationary spiral  mean : Term of the Day : Stagflationary Spiral Meaning and economic conditions that lead to it,20260123T194500Z,"https://img.etimg.com/thumb/msid-127323211,width-1200,height-630,imgsize-3264318,overlay-economictimes/articleshow.jpg",economictimes.indiatimes.com,English,India,what does  stagflationary spiral  mean  term of the day  stagflationary spiral meaning and economic conditions that lead to it,economictimes.indiatimes.com,neutral,0.8048123121261597
https://www.wlrn.org/business/2026-01-12/federal-reserve-inflation-jobs-interest-rates-bostic,,Regional head of Federal Reserve Bank still worries inflation is  too high  ,20260113T024500Z,http://npr-brightspot.s3.amazonaws.com/ff/a1/3c08fd5b47a39b8798e33bc095f3/ap26009734732944.jpg,wlrn.org,English,United States,regional head of federal reserve bank still worries inflation is  too high,wlrn.org,negative,0.9300438761711121
https://www.bworldonline.com/banking-finance/2026/01/29/727219/fed-leaves-rates-unchanged-sees-somewhat-elevated-inflation/,https://www.bworldonline.com/banking-finance/2026/01/29/727219/fed-leaves-rates-unchanged-sees-somewhat-elevated-inflation/?amp,"Fed leaves rates unchanged , sees  somewhat elevated  inflation",20260129T033000Z,https://www.bworldonline.com/wp-content/uploads/2025/09/USA-FED.jpg,bworldonline.com,English,Philippines,fed leaves rates unchanged  sees  somewhat elevated  inflation,bworldonline.com,positive,0.6941015124320984
https://www.dailymail.co.uk/yourmoney/article-15449287/jobs-report-recession-fears-hiring.html,https://www.dailymail.co.uk/yourmoney/article-15449287/amp/jobs-report-recession-fears-hiring.html,Red flag for US economy as jobs growth falls to worst since 2003 outside of a recession,20260109T144500Z,https://i.dailymail.co.uk/1s/2026/01/09/13/105304847-0-Traders_work_on_the_floor_of_the_New_York_Stock_Exchange_as_fres-a-22_1767965481317.jpg,dailymail.co.uk,English,United Kingdom,red flag for us economy as jobs growth falls to worst since 2003 outside of a recession,dailymail.co.uk,negative,0.935426652431488
https://www.wamc.org/2026-01-28/fed-holds-interest-rates-steady-taking-a-pause-from-rate-cuts-to-assess-the-economy,https://www.wamc.org/2026-01-28/fed-holds-interest-rates-steady-taking-a-pause-from-rate-cuts-to-assess-the-economy?_amp=true,"Fed holds interest rates steady , taking a pause from rate cuts to assess the economy",20260129T001500Z,http://npr-brightspot.s3.amazonaws.com/d5/a8/b563ed3543298589388cb58768ab/gettyimages-2251234549.jpg,wamc.org,English,United States,fed holds interest rates steady  taking a pause from rate cuts to assess the economy,wamc.org,neutral,0.8132196068763733
https://www.firstpost.com/world/worlds-top-central-bankers-rally-behind-fed-chief-powell-amid-trump-pressure-13968334.html,https://www.firstpost.com/world/worlds-top-central-bankers-rally-behind-fed-chief-powell-amid-trump-pressure-13968334.html/amp,World top central bankers rally behind Fed chief Powell amid Trump pressure – Firstpost,20260113T144500Z,"https://images.firstpost.com/uploads/2025/12/2025-11-19T110040Z_30858869_RC2VLHAJ2GNR_RTRMADP_3_USA-FED-MINUTES-2025-12-511786aff5af975d6d81975c6b73c475-1200x675.jpg?im=FitAndFill=(1200,675)",firstpost.com,English,India,world top central bankers rally behind fed chief powell amid trump pressure  firstpost,firstpost.com,negative,0.4737273156642914
https://www.wmur.com/article/federal-reserve-interest-rates-unchanged/70175954,,Federal Reserve keeps interest rates unchanged,20260128T203000Z,"https://kubrick.htvapps.com/htv-prod-media.s3.amazonaws.com/images/ap2697a5edf48815.jpg?crop=1.00xw:0.847xh;0,0.0360xh",wmur.com,English,United States,federal reserve keeps interest rates unchanged,wmur.com,neutral,0.8503232598304749
https://hotair.com/ed-morrissey/2026/01/28/fed-economys-so-bright-we-gotta-freeze-rates-n3811315,https://hotair.com/ed-morrissey/2026/01/28/fed-economys-so-bright-we-gotta-freeze-rates-n3811315/amp,"Fed : Economy So Bright , We Gotta Freeze Rates ? ",20260129T003000Z,https://media.townhall.com/cdn/hodl/2025/205/112d54a3-1a57-4487-8faa-f976a38fa184.jpg,hotair.com,English,United States,fed  economy so bright  we gotta freeze rates,hotair.com,neutral,0.7314960956573486
https://finance.yahoo.com/news/us-fed-set-pause-rate-011645084.html,,US Fed set to pause rate cuts as it defies Trump pressure,20260128T150000Z,https://s.yimg.com/os/en/afp.com/0474cda4642a732b5ef3a1549451860e,finance.yahoo.com,English,United States,us fed set to pause rate cuts as it defies trump pressure,finance.yahoo.com,neutral,0.5213987827301025
https://www.moneycontrol.com/news/business/economy/fed-s-miran-says-more-than-full-point-of-cuts-needed-in-2026-13760007.html,https://www.moneycontrol.com/news/business/economy/fed-s-miran-says-more-than-full-point-of-cuts-needed-in-2026-13760007.html/amp,Fed Miran says more than full point of cuts needed in 2026,20260106T151500Z,https://images.moneycontrol.com/static-mcnews/2026/01/20260106144839_Federal-Reserve-Governor-Stephen-Miran.png,moneycontrol.com,English,India,fed miran says more than full point of cuts needed in 2026,moneycontrol.com,neutral,0.6313552856445312
https://www.kcci.com/article/federal-reserve-interest-rates-unchanged/70175954,,Federal Reserve keeps interest rates unchanged,20260128T211500Z,"https://kubrick.htvapps.com/htv-prod-media.s3.amazonaws.com/images/ap2697a5edf48815.jpg?crop=1.00xw:0.847xh;0,0.0360xh",kcci.com,English,United States,federal reserve keeps interest rates unchanged,kcci.com,neutral,0.8503232598304749
https://6abc.com/post/federal-reserve-chair-jerome-powell-investigation-what-means-money/18392615/,https://6abc.com/amp/post/federal-reserve-chair-jerome-powell-investigation-what-means-money/18392615/,Federal Reserve Chair Jerome Powell investigation : What this means for your money,20260113T014500Z,https://cdn.abcotvs.com/dip/images/18392899_011226-wpvi-interest-rates-430-vid-vid.jpg,6abc.com,English,United States,federal reserve chair jerome powell investigation  what this means for your money,6abc.com,neutral,0.8941509127616882
https://laist.com/news/doj-subpoenas-the-federal-reserve-in-an-escalating-pressure-campaign,,DOJ subpoenas the Federal Reserve in an escalating pressure campaign,20260113T171500Z,http://npr-brightspot.s3.amazonaws.com/b2/cf/414c1be24428a9f710f3ea56b6a9/gettyimages-2226032540.jpg,laist.com,English,United States,doj subpoenas the federal reserve in an escalating pressure campaign,laist.com,negative,0.9242339730262756
https://www.morningstar.com/news/dow-jones/20260113297/dow-jones-top-markets-headlines-at-1-am-et-us-stocks-end-higher-gold-hits-record-after-prosecutors-launch-powell-probe-trump,,"Dow Jones Top Markets Headlines at 1 AM ET : U . S . Stocks End Higher , Gold Hits Record After Prosecutors Launch Powell Probe | Trump ... ",20260113T081500Z,https://images.contentstack.io/v3/assets/blt4eb669caa7dc65b2/blta7dd42ebdd7b93b8/61899b34a3c7df383578294c/morningstar-og.png,morningstar.com,English,China,dow jones top markets headlines at 1 am et  u  s  stocks end higher  gold hits record after prosecutors launch powell probe  trump,morningstar.com,negative,0.4298296868801117
https://www.wdsu.com/article/federal-reserve-chair-doj-subpoenaed-central-bank/69969476,,Federal Reserve Chair Powell says DOJ has subpoenaed central bank,20260112T020000Z,"https://kubrick.htvapps.com/htv-prod-media.s3.amazonaws.com/images/trumpandpowell-69644863ecc1c.jpg?crop=1.00xw:0.847xh;0,0",wdsu.com,English,United States,federal reserve chair powell says doj has subpoenaed central bank,wdsu.com,negative,0.8053256869316101
https://www.marketscreener.com/news/dollar-rebounds-as-fed-holds-rates-steady-ce7e5bded98bf42d,,Dollar rebounds as Fed holds rates steady,20260128T203000Z,https://cdn.zonebourse.com/static/resize/0/0/images/reuters/2025-04/2025-04-17T051822Z_1_LYNXMPEL3G04M_RTROPTP_4_GLOBAL-MARKETS.JPG,marketscreener.com,English,,dollar rebounds as fed holds rates steady,marketscreener.com,negative,0.7232152819633484
https://athens-times.com/villeroy-ecb-trade-tensions-to-have-limited-impact-on-inflation/,,ECB Villeroy : Limited Inflation Impact from Trade Tensions,20260120T140000Z,,athens-times.com,English,Greece,ecb villeroy  limited inflation impact from trade tensions,athens-times.com,neutral,0.7200623750686646
https://globalnews.ca/news/11609459/federal-reserve-trump-indictment-canadian-dollar/,https://globalnews.ca/news/11609459/federal-reserve-trump-indictment-canadian-dollar/amp/,The loonie is up amid Trump Fed probe . Who that will help and hurt ? - National,20260112T214500Z,https://globalnews.ca/wp-content/uploads/2026/01/CP217074947.jpg?quality=65&strip=all&crop=1,globalnews.ca,English,Canada,the loonie is up amid trump fed probe  who that will help and hurt   national,globalnews.ca,negative,0.4763041138648987
https://markets.financialcontent.com/stocks/article/marketminute-2026-1-23-us-gdp-outperforms-expectations-44-q3-beat-fuels-soft-landing-optimism-on-wall-street,,FinancialContent - US GDP Outperforms Expectations : 4 . 4 % Q3 Beat Fuels Soft - Landing Optimism on Wall Street,20260123T153000Z,https://marketminute.ghost.io/content/images/size/w1200/2026/01/c4c89b4b-a39e-4e5e-9482-a8de11ed6ec2.png,markets.financialcontent.com,English,United States,financialcontent  us gdp outperforms expectations  4  4  q3 beat fuels soft  landing optimism on wall street,markets.financialcontent.com,positive,0.8649506568908691
https://www.marketscreener.com/news/dollar-edges-higher-against-peer-currencies-amid-rate-cut-bets-ce7e59dfdd8bf026,,Dollar edges higher against peer currencies amid rate cut bets,20260106T161500Z,https://cdn.zonebourse.com/static/resize/0/0/images/reuters/2025-04/2025-04-21T004523Z_1_LYNXMPEL3K00C_RTROPTP_4_SVB-FINANCIAL-GROUP-STOCK.JPG,marketscreener.com,English,,dollar edges higher against peer currencies amid rate cut bets,marketscreener.com,positive,0.8371266722679138
https://www.cnn.com/2026/01/28/economy/fed-january-rate-decision,,"Emboldened by widespread support , Jerome Powell and the Fed will probably defy Trump once again",20260128T110000Z,"https://media.cnn.com/api/v1/images/stellar/prod/gettyimages-2256115828.jpg?c=16x9&q=w_800,c_fill",cnn.com,English,United States,emboldened by widespread support  jerome powell and the fed will probably defy trump once again,cnn.com,positive,0.8855859041213989
https://edition.cnn.com/2026/01/28/economy/fed-january-rate-decision,,Powell and the Fed will probably defy Trump once again by keeping rates steady today,20260128T144500Z,"https://media.cnn.com/api/v1/images/stellar/prod/gettyimages-2256115828.jpg?c=16x9&q=w_800,c_fill",edition.cnn.com,English,United States,powell and the fed will probably defy trump once again by keeping rates steady today,edition.cnn.com,neutral,0.545464038848877
https://www.marketscreener.com/news/french-inflation-fell-slightly-in-december-update-ce7e59dfd988f427,,French Inflation Fell Slightly in December -- Update,20260106T093000Z,https://cdn.zonebourse.com/static/resize/0/0/images/reuters/2016-11-21T163541Z_1_LYNXMPECAK128_RTROPTP_2_AUSTRIA-BUSINESS.JPG,marketscreener.com,English,,french inflation fell slightly in december  update,marketscreener.com,negative,0.9382058382034302
https://www.wmtw.com/article/federal-reserve-chair-doj-subpoenaed-central-bank/69969476,,Federal Reserve Chair Powell says DOJ has subpoenaed central bank,20260112T013000Z,"https://kubrick.htvapps.com/htv-prod-media.s3.amazonaws.com/images/trumpandpowell-69644863ecc1c.jpg?crop=1.00xw:0.847xh;0,0",wmtw.com,English,United States,federal reserve chair powell says doj has subpoenaed central bank,wmtw.com,negative,0.8053256869316101
https://www.kalw.org/npr-news/2026-01-11/doj-subpoenas-federal-reserve-in-escalating-pressure-campaign,,DOJ subpoenas Federal Reserve in escalating pressure campaign,20260112T053000Z,http://npr-brightspot.s3.amazonaws.com/b2/cf/414c1be24428a9f710f3ea56b6a9/gettyimages-2226032540.jpg,kalw.org,English,United States,doj subpoenas federal reserve in escalating pressure campaign,kalw.org,negative,0.9334664344787598
https://www.bostonglobe.com/2026/01/13/business/consumer-prices-report/,,Consumer prices likely stayed elevated in December as data recovers from shutdown,20260113T100000Z,https://bostonglobe-prod.cdn.arcpublishing.com/resizer/v2/M7KXZD6A5YBLX2SRNHTQ5J43YY.jpg?auth=1a6c8b1ce65115b7ed13bd52fb321c9df82555a74c80c329ddc7e98faed24917,bostonglobe.com,English,United States,consumer prices likely stayed elevated in december as data recovers from shutdown,bostonglobe.com,positive,0.8983273506164551
https://www.fxstreet.com/news/usd-chf-falls-toward-08000-despite-fading-safe-haven-demand-202601160551,https://www.fxstreet.com/amp/news/usd-chf-falls-toward-08000-despite-fading-safe-haven-demand-202601160551,USD / CHF falls toward 0 . 8000 despite fading safe - haven demand,20260116T073000Z,https://editorial.fxsstatic.com/images/i/USDCHF-bearish-animal_Medium.png,fxstreet.com,English,China,usd  chf falls toward 0  8000 despite fading safe  haven demand,fxstreet.com,negative,0.6275228261947632
https://www.wcvb.com/article/federal-reserve-holds-interest-rates/70178180,,The Fed holds interest rates steady amid political scrutiny,20260129T031500Z,"https://kubrick.htvapps.com/htv-prod-media.s3.amazonaws.com/images/lead-s001971793-300-1513207113.jpg?crop=1xw:0.84375000000000000xh;center,top",wcvb.com,English,United States,the fed holds interest rates steady amid political scrutiny,wcvb.com,negative,0.5120188593864441
https://www.wyff4.com/article/federal-reserve-holds-interest-rates/70178180,,The Fed holds interest rates steady amid political scrutiny,20260129T000000Z,"https://kubrick.htvapps.com/htv-prod-media.s3.amazonaws.com/images/lead-s001971793-300-1513207113.jpg?crop=1xw:0.84375000000000000xh;center,top",wyff4.com,English,United States,the fed holds interest rates steady amid political scrutiny,wyff4.com,negative,0.5120188593864441
https://finance.yahoo.com/news/powell-says-federal-subpoenaed-us-030214646.html,,Powell says Federal Reserve subpoenaed by US Justice Department,20260112T034500Z,https://s.yimg.com/os/en/afp.com/313b5d8e39de0f9b939563c086378042,finance.yahoo.com,English,United States,powell says federal reserve subpoenaed by us justice department,finance.yahoo.com,negative,0.5848634243011475
https://www.jacarandafm.com/news/news/fed-chair-powell-says-targeted-federal-probe/,,Fed chair Powell says targeted by federal probe,20260112T100000Z,https://turntable.kagiso.io/images/US_Federal_Reserve_chairman_Jerome_Powell.width-400.png,jacarandafm.com,English,South Africa,fed chair powell says targeted by federal probe,jacarandafm.com,neutral,0.8396979570388794
https://www.wxii12.com/article/federal-reserve-holds-interest-rates/70178180,,The Fed holds interest rates steady amid political scrutiny,20260129T004500Z,"https://kubrick.htvapps.com/htv-prod-media.s3.amazonaws.com/images/lead-s001971793-300-1513207113.jpg?crop=1xw:0.84375000000000000xh;center,top",wxii12.com,English,United States,the fed holds interest rates steady amid political scrutiny,wxii12.com,negative,0.5120188593864441
https://www.marketscreener.com/news/dollar-poised-for-third-weekly-gain-as-buoyant-data-seen-keeping-fed-cuts-at-bay-ce7e58dedb81ff2c,,Dollar poised for third weekly gain as buoyant data seen keeping Fed cuts at bay,20260116T030000Z,https://cdn.zonebourse.com/static/resize/0/0/images/reuters/2025-06/2025-06-06T014950Z_1_LYNXNPEL5501Q_RTROPTP_4_USA-TRUMP-TARIFFS-INDONESIA.JPG,marketscreener.com,English,,dollar poised for third weekly gain as buoyant data seen keeping fed cuts at bay,marketscreener.com,positive,0.6639601588249207
https://www.wtae.com/article/federal-reserve-holds-interest-rates/70178180,,The Fed holds interest rates steady amid political scrutiny,20260129T000000Z,"https://kubrick.htvapps.com/htv-prod-media.s3.amazonaws.com/images/lead-s001971793-300-1513207113.jpg?crop=1xw:0.84375000000000000xh;center,top",wtae.com,English,United States,the fed holds interest rates steady amid political scrutiny,wtae.com,negative,0.5120188593864441
https://www.wbaltv.com/article/federal-reserve-holds-interest-rates/70178180,,The Fed holds interest rates steady amid political scrutiny,20260129T023000Z,"https://kubrick.htvapps.com/htv-prod-media.s3.amazonaws.com/images/lead-s001971793-300-1513207113.jpg?crop=1xw:0.84375000000000000xh;center,top",wbaltv.com,English,United States,the fed holds interest rates steady amid political scrutiny,wbaltv.com,negative,0.5120188593864441
https://www.aol.com/finance/form-crisis-almost-inevitable-38-180855450.html,,"  Some form of crisis is almost inevitable : The $38 trillion national debt will soon be growing faster than the U . S . economy itself , watchdog warns",20260122T223000Z,https://s.yimg.com/ny/api/res/1.2/rja6mb7k39wVkhX4ZZg11g--/YXBwaWQ9aGlnaGxhbmRlcjt3PTEyMDA7aD04MDA-/https://media.zenfs.com/en/aol_fortune_385/991e55d8b105c47daf90ed9e25d19c49,aol.com,English,United States,some form of crisis is almost inevitable  the 38 trillion national debt will soon be growing faster than the u  s  economy itself  watchdog warns,aol.com,positive,0.487291157245636
https://www.wamc.org/2026-01-11/doj-subpoenas-federal-reserve-in-escalating-pressure-campaign,https://www.wamc.org/2026-01-11/doj-subpoenas-federal-reserve-in-escalating-pressure-campaign?_amp=true,DOJ subpoenas Federal Reserve in escalating pressure campaign,20260112T034500Z,http://npr-brightspot.s3.amazonaws.com/b2/cf/414c1be24428a9f710f3ea56b6a9/gettyimages-2226032540.jpg,wamc.org,English,United States,doj subpoenas federal reserve in escalating pressure campaign,wamc.org,negative,0.9334664344787598
https://www.kcra.com/article/federal-reserve-holds-interest-rates/70178180,,The Fed holds interest rates steady amid political scrutiny,20260129T020000Z,"https://kubrick.htvapps.com/htv-prod-media.s3.amazonaws.com/images/lead-s001971793-300-1513207113.jpg?crop=1xw:0.84375000000000000xh;center,top",kcra.com,English,United States,the fed holds interest rates steady amid political scrutiny,kcra.com,negative,0.5120188593864441
https://www.journalpatriot.com/walden-sees-economy-improving-to-grade-b/article_b5424929-65fb-5c78-ad82-1e513a718adc.html,,Walden sees economy improving to grade B,20260105T001500Z,https://bloximages.newyork1.vip.townnews.com/journalpatriot.com/content/tncms/custom/image/fa092cd2-f9c1-11ef-abe5-afd07c0b9f3b.png,journalpatriot.com,English,United States,walden sees economy improving to grade b,journalpatriot.com,positive,0.9501473903656006
https://www.wgal.com/article/federal-reserve-holds-interest-rates/70178180,,The Fed holds interest rates steady amid political scrutiny,20260129T030000Z,"https://kubrick.htvapps.com/htv-prod-media.s3.amazonaws.com/images/lead-s001971793-300-1513207113.jpg?crop=1xw:0.84375000000000000xh;center,top",wgal.com,English,United States,the fed holds interest rates steady amid political scrutiny,wgal.com,negative,0.5120188593864441
https://www.theguardian.com/business/2026/jan/13/us-inflation-trump,,US inflation held firm in December amid pressure on Trump over cost of living,20260113T144500Z,"https://i.guim.co.uk/img/media/0aec15bec13022d078564971f272f32c2954d37c/0_0_3251_2600/master/3251.jpg?&quality=85&auto=format&fit=crop&precrop=40:21,offset-x50,offset-y0&overlay-align=bottom%2Cleft&overlay-width=100p&overlay-base64=L2ltZy9zdGF0aWMvb3ZlcmxheXMvdGctZGVmYXVsdC5wbmc&enable=upscale&s=5a4d5d390c0da7457e13a298e475d021",theguardian.com,English,United Kingdom,us inflation held firm in december amid pressure on trump over cost of living,theguardian.com,positive,0.5205094814300537
https://www.aol.com/finance/us-inflation-held-firm-december-133646428.html,,US inflation held firm in December amid pressure on Trump over cost of living,20260113T144500Z,https://s.yimg.com/os/en/aol_the_guardian_702/a9818273656d01f1a01a0e0322187370,aol.com,English,United States,us inflation held firm in december amid pressure on trump over cost of living,aol.com,positive,0.5205094814300537
https://www.dailysabah.com/business/economy/top-central-banks-wrap-up-2025-with-cuts-japan-veers-to-hikes,https://www.dailysabah.com/business/economy/top-central-banks-wrap-up-2025-with-cuts-japan-veers-to-hikes/amp,"Top central banks wrap up 2025 with cuts , Japan veers to hikes",20251231T123000Z,https://idsb.tmgrup.com.tr/ly/uploads/images/2025/12/31/thumbs/1200x675/419396.jpg,dailysabah.com,English,Turkey,top central banks wrap up 2025 with cuts  japan veers to hikes,dailysabah.com,positive,0.7247331738471985
https://www.theglobeandmail.com/opinion/article-the-independence-of-the-us-federal-reserve-is-at-stake/,,The independence of the U . S . Federal Reserve is at stake,20260114T001500Z,https://www.theglobeandmail.com/resizer/v2/DM27CILQL5AKDIQZSMNYM3IFHU.JPG?auth=92f3935d26bd842a8f92125c9bfa57c9128f9a1ceec4ed27eb19d6115ae4563a&quality=80&smart=true,theglobeandmail.com,English,Canada,the independence of the u  s  federal reserve is at stake,theglobeandmail.com,neutral,0.8798061609268188
